THAILAND,,,,,,,,,,,,,,,,,,,,,,,,,,,
,,,,,,,,,,,,,,,,,,,,,,,,,,,
Asian Development Bank (ADB),,,,,,,,,,,,,,,,,,,,,,,,,,,
Key Indicators for Asia and the Pacific 2026,,,,,,,,,,,,,,,,,,,,,,,,,,,
https://kidb.adb.org,,,,,,,,,,,,,,,,,,,,,,,,,,,
,,,,,,,,,,,,,,,,,,,,,,,,,,,
,,2000,2001,2002,2003,2004,2005,2006,2007,2008,2009,2010,2011,2012,2013,2014,2015,2016,2017,2018,2019,2020,2021,2022,2023,2024,2025
,"POPULATION, POVERTY, AND SOCIAL INDICATORS",,,,,,,,,,,,,,,,,,,,,,,,,,
,Population,,,,,,,,,,,,,,,,,,,,,,,,,,
,Total population as of 1 July (million),62.2,62.6,63.0,63.3,63.7,64.1,64.4,64.8,65.2,65.5,65.9,66.3,66.7,67.2,67.6,68.0,68.2,68.9,69.1,69.3,69.5,69.7,69.9,70.0,70.2,70.4
,Population density (persons/km²),121,122,123,123,124,125,126,126,127,128,128,129,130,131,132,132,133,134,135,135,135,136,136,137,137,137
,Population (% annual change),1.1,0.6,0.6,0.6,0.6,0.6,0.6,0.6,0.6,0.6,0.6,0.6,0.6,0.6,0.6,0.6,0.4,0.9,0.3,0.3,0.3,0.3,0.2,0.3,0.2,0.2
,Urban populationa (% of total population),31.1,31.4,31.6,31.9,32.2,32.5,32.9,33.2,33.5,33.9,42.0,43.4,44.7,46.0,47.3,48.6,50.0,51.0,52.3,53.6,54.8,56.0,57.1,58.2,59.3,60.2
,"Net international migration ratea (per 1,000 population)",1.9,1.5,1.6,1.6,1.6,1.5,1.5,1.5,1.6,1.6,0.8,1.0,1.1,1.0,0.8,0.5,1.6,0.9,0.2,0.1,0.5,-0.0,0.3,0.3,0.3,0.4
,Population aged 0–14 years (% of total population),24.4,23.9,23.4,23.0,22.6,22.2,21.7,21.3,20.9,20.6,20.1,19.7,19.2,18.8,18.5,18.1,17.7,17.3,16.9,16.6,16.2,15.8,15.4,15.1,14.7,14.4
,Population aged 15–64 years (% of total population),69.5,69.7,70.0,70.1,70.2,70.4,70.5,70.7,70.9,71.1,71.3,71.5,71.6,71.7,71.7,71.6,71.5,71.4,71.3,71.1,70.9,70.7,70.5,70.2,69.9,69.6
,Population aged 65 years and older (% of total population),6.1,6.4,6.7,6.9,7.2,7.5,7.7,7.9,8.1,8.3,8.6,8.8,9.2,9.5,9.9,10.3,10.8,11.3,11.8,12.3,12.9,13.5,14.1,14.7,15.4,16.0
,Age dependency ratio for total population,43.9,43.4,43.0,42.6,42.4,42.1,41.8,41.4,41.0,40.6,40.3,39.9,39.6,39.5,39.6,39.7,39.9,40.1,40.3,40.6,41.0,41.4,41.9,42.5,43.1,43.7
,,,,,,,,,,,,,,,,,,,,,,,,,,,
,Poverty Indicators,,,,,,,,,,,,,,,,,,,,,,,,,,
,Poverty and Inequality,,,,,,,,,,,,,,,,,,,,,,,,,,
,     Proportion of population living on less than $3.00 a day (2021 PPP) (%),8.4,…,4.7,…,3.1,…,2.2,1.3,1.0,0.8,0.7,0.3,0.4,0.2,0.2,0.1,0.1,0.1,0.1,0.1,0.1,0.0,0.0,0.0,0.0,…
,     Proportion of population living on less than $4.20 a day (2021 PPP) (%),23.1,…,16.1,…,11.9,…,8.4,6.5,5.2,4.4,3.8,2.0,2.3,1.7,1.4,0.8,1.0,0.8,0.9,0.6,0.6,0.5,0.2,0.1,0.2,…
,     Income ratio of highest 20% to lowest 20%b,8.0,…,7.8,…,8.1,…,8.1,7.2,7.4,7.2,7.0,6.3,6.9,6.5,6.3,5.8,6.1,6.0,6.1,5.6,5.7,5.6,5.5,5.3,5.3,…
,     Gini coefficient,0.428,…,0.419,…,0.425,…,0.418,0.398,0.403,0.396,0.394,0.375,0.393,0.378,0.370,0.360,0.367,0.364,0.364,0.349,0.350,0.349,0.343,0.335,0.333,…
,Human Development Index (HDI),,,,,,,,,,,,,,,,,,,,,,,,,,
,     HDI,0.657,0.667,0.678,0.690,0.699,0.707,0.710,0.721,0.723,0.725,0.742,0.747,0.750,0.752,0.784,0.788,0.792,0.794,0.796,0.800,0.798,0.800,0.792,0.798,…,…
,     HDI rankc,…,…,…,…,…,…,…,…,…,…,…,…,…,…,…,…,…,83,77,79,…,66,66,76,…,…
,,,,,,,,,,,,,,,,,,,,,,,,,,,
,Social Indicators,,,,,,,,,,,,,,,,,,,,,,,,,,
,Life Expectancy at Birth (years),,,,,,,,,,,,,,,,,,,,,,,,,,
,     Both sexes,71.2,71.5,71.8,72.1,72.1,72.9,73.3,73.8,74.2,74.7,75.0,75.3,75.6,76.0,76.3,76.6,76.8,77.0,77.2,77.2,77.3,77.6,75.3,76.4,76.6,76.8
,     Female,75.2,75.6,75.7,76.0,75.8,76.6,77.0,77.3,77.7,78.2,78.7,79.2,79.7,80.1,80.5,80.9,81.1,81.4,81.6,81.8,81.9,82.1,79.8,80.9,81.0,81.2
,     Male,67.4,67.7,68.0,68.4,68.5,69.3,69.9,70.4,70.9,71.3,71.4,71.5,71.7,72.0,72.3,72.5,72.6,72.8,73.0,72.8,73.0,73.3,71.0,72.2,72.3,72.6
,"Births, Deaths, and Fertility Rates",,,,,,,,,,,,,,,,,,,,,,,,,,
,"     Crude birth rate (per 1,000 people)",15.0,14.7,14.3,14.1,13.8,13.5,13.2,12.9,12.5,12.2,12.0,11.9,11.8,11.4,11.0,10.6,10.1,9.8,9.4,9.1,8.8,8.5,8.4,8.2,8.1,8.0
,"     Crude death rate (per 1,000 people)",6.4,6.4,6.5,6.5,6.7,6.6,6.6,6.6,6.6,6.6,6.6,6.6,6.7,6.7,6.8,6.8,6.9,7.0,7.2,7.4,7.6,7.7,9.2,8.9,9.0,9.1
,     Total fertility rate (births per woman),1.7,1.7,1.7,1.7,1.7,1.6,1.6,1.6,1.6,1.6,1.6,1.6,1.6,1.5,1.5,1.5,1.4,1.4,1.3,1.3,1.3,1.2,1.2,1.2,1.2,1.2
,Adult (15 Years and Older) Literacy Rate (%),,,,,,,,,,,,,,,,,,,,,,,,,,
,     Both sexes,92.7,…,…,…,…,93.5,…,…,…,…,96.4,…,…,93.7,…,92.9,92.0,…,93.8,91.3,…,…,91.1,…,…,…
,     Female,90.5,…,…,…,…,91.5,…,…,…,…,96.4,…,…,92.3,…,91.2,92.7,…,92.4,90.2,…,…,91.5,…,…,…
,     Male,94.9,…,…,…,…,95.6,…,…,…,…,96.4,…,…,95.3,…,94.7,91.2,…,95.2,92.5,…,…,90.7,…,…,…
,Years of Schooling,,,,,,,,,,,,,,,,,,,,,,,,,,
,     Expected,,,,,,,,,,,,,,,,,,,,,,,,,,
,     Both sexesd,…,11.5,11.7,…,12.0,12.4,12.4,12.8,12.6,12.5,12.4,13.6,13.4,13.3,15.9,…,15.8,13.8,13.8,13.8,15.3,14.0,14.4,14.8,14.8,…
,     Femaled,…,11.6,11.8,…,12.4,12.7,12.7,13.3,13.1,13.0,13.7,14.0,13.9,13.8,16.5,…,16.2,14.4,14.6,14.4,15.6,14.5,15.0,15.3,15.0,…
,     Maled,…,11.4,11.6,…,11.7,12.1,12.1,12.3,12.2,12.1,11.4,13.1,12.9,12.7,15.3,…,15.4,13.3,13.0,13.2,15.0,13.5,13.8,14.4,14.6,…
,     Mean,,,,,,,,,,,,,,,,,,,,,,,,,,
,     Both sexese,…,…,…,…,7.2,…,7.0,…,…,…,7.6,…,…,7.9,…,…,8.3,…,8.4,8.7,…,…,9.0,…,…,…
,     Femalee,…,…,…,…,6.9,…,6.7,…,…,…,7.4,…,…,7.7,…,…,8.1,…,8.2,8.6,…,…,8.9,…,…,…
,     Malee,…,…,…,…,7.5,…,7.3,…,…,…,7.8,…,…,8.2,…,…,8.5,…,8.6,8.8,…,…,9.2,…,…,…
,Education Resources,,,,,,,,,,,,,,,,,,,,,,,,,,
,     Pupil/Trained Teacher Ratio,,,,,,,,,,,,,,,,,,,,,,,,,,
,     Primaryf,…,…,…,…,…,…,…,…,…,…,…,…,…,…,15.4,16.9,16.7,16.4,…,12.6,11.5,14.4,14.0,14.4,14.6,14.6
,     Secondaryf,…,…,…,…,…,…,…,…,…,…,…,…,…,…,29.5,28.2,26.6,26.4,25.9,26.2,16.6,19.2,18.6,19.5,17.3,17.5
,     Pupil/Qualified Teacher Ratio,,,,,,,,,,,,,,,,,,,,,,,,,,
,     Primaryg,…,…,…,…,…,…,…,…,…,…,…,…,…,…,15.4,16.9,16.7,16.4,…,12.6,11.5,14.4,14.0,14.4,14.6,14.6
,     Secondaryg,…,…,…,…,…,…,…,…,…,…,…,…,…,…,29.5,28.2,26.6,17.5,17.3,18.2,16.6,19.2,18.6,19.5,17.3,17.5
,"Health Care Resources (per 1,000 population)",,,,,,,,,,,,,,,,,,,,,,,,,,
,     Physicians,…,0.30,0.30,…,0.29,…,0.28,0.29,0.31,0.33,0.38,…,…,…,…,0.45,0.43,0.79,0.52,0.55,0.51,0.54,…,…,…,…
,     Hospital beds,2.2,2.2,2.1,2.1,2.0,2.0,2.0,2.1,1.9,1.7,2.0,2.1,2.1,2.2,2.1,2.1,2.0,2.1,2.1,2.2,2.3,2.3,2.4,2.4,…,…
,Adults Aged 15 Years and Older Living with HIV (‘000),,,,,,,,,,,,,,,,,,,,,,,,,,
,     All adults,900.0,880.0,850.0,820.0,780.0,760.0,740.0,720.0,700.0,680.0,670.0,660.0,650.0,640.0,630.0,620.0,610.0,600.0,600.0,590.0,580.0,580.0,570.0,570.0,560.0,…
,     Women,340.0,350.0,350.0,340.0,340.0,330.0,330.0,320.0,320.0,310.0,310.0,300.0,290.0,290.0,280.0,270.0,270.0,260.0,250.0,250.0,240.0,240.0,240.0,230.0,230.0,…
,,,,,,,,,,,,,,,,,,,,,,,,,,,
,LABOR FORCEh calendar year ('000),"33,224","33,813","34,262","34,902","35,718","36,132","36,429","36,942","37,700","38,427","38,644","38,360","38,746","38,661","38,576","38,548","38,267","38,100","38,434","38,178","38,544","38,700","39,903","40,447","40,357","40,131"
,Employed,"31,293","32,104","33,061","33,841","34,729","35,257","35,686","36,249","37,017","37,706","38,037","37,953","38,324","38,217","38,077","38,016","37,693","37,458","37,865","37,613","37,680","37,751","39,221","39,912","39,806","39,625"
,"     Agriculture, forestry, and fishing","13,830","13,612","14,042","13,880","13,634","13,617","14,171","14,306","14,699","14,693","14,547","12,485","13,164","13,042","12,733","12,272","11,747","11,783","12,168","11,821","11,810","12,025","11,919","12,050","11,520","11,220"
,     Mining and quarrying,45,50,45,47,50,57,58,63,58,51,41,50,68,62,69,79,66,64,73,61,74,53,48,46,60,71
,     Manufacturing,"4,650","4,927","5,052","5,299","5,476","5,588","5,504","5,619","5,453","5,374","5,350","6,001","6,269","6,294","6,393","6,454","6,289","6,108","6,259","6,125","5,976","5,921","6,276","6,260","6,287","6,341"
,"     Electricity, gas, steam, and air-conditioning supply; water supply;
           sewerage, waste management, and remediation activities",112,98,89,95,100,107,107,102,204,201,159,197,172,191,223,188,217,226,190,216,221,214,182,177,193,188
,     Construction,"1,504","1,645","1,787","1,881","2,080","2,129","2,151","2,149","2,214","2,303","2,356","2,204","2,335","2,388","2,269","2,282","2,352","2,160","2,112","2,191","2,232","2,209","2,205","2,260","2,304","2,181"
,     Wholesale and retail trade; repair of motor vehicles and motorcycles,"4,374","4,688","4,946","5,199","5,540","5,553","5,514","5,574","5,754","6,048","6,236","6,357","6,195","6,200","6,185","6,176","6,331","6,321","6,277","6,245","6,277","6,254","6,749","6,893","6,845","6,782"
,     Transportation and storagei,964,"1,005","1,009","1,050","1,100","1,108","1,072","1,058","1,117","1,141","1,108","1,122","1,087","1,144","1,192","1,216","1,199","1,232","1,260","1,301","1,326","1,362","1,463","1,463","1,610","1,693"
,     Accommodation and food service activitiesj,"1,810","1,918","2,043","2,147","2,256","2,349","2,275","2,343","2,384","2,593","2,654","2,923","2,551","2,536","2,568","2,644","2,729","2,778","2,827","2,850","2,870","2,782","2,908","3,171","3,416","3,458"
,     Information and communicationi,,,,,,,,,75,73,76,231,272,265,248,242,231,220,199,196,222,201,238,200,184,189
,     Financial and insurance activities,270,303,272,289,297,317,340,342,373,375,367,461,493,526,527,539,546,525,501,516,525,497,514,520,466,442
,     Real estate activities,–,58,68,78,94,99,98,106,107,120,102,137,160,165,159,194,186,204,184,202,233,249,372,353,341,319
,     Othersk,"3,733","3,801","3,709","3,877","4,101","4,333","4,398","4,588","4,578","4,736","5,043","5,786","5,559","5,405","5,512","5,732","5,799","5,837","5,813","5,890","5,912","5,984","6,346","6,520","6,580","6,740"
,Underemployed,"1,096",718,589,546,641,613,488,493,426,518,429,238,234,220,220,216,223,243,254,213,323,414,228,169,163,143
,Unemployed,"1,194","1,124",823,754,739,663,552,509,522,572,402,254,254,282,323,341,377,451,404,373,651,748,527,395,402,328
,Unemployment rate (%),3.6,3.3,2.4,2.2,2.1,1.8,1.5,1.4,1.4,1.5,1.0,0.7,0.7,0.7,0.8,0.9,1.0,1.2,1.1,1.0,1.7,1.9,1.3,1.0,1.0,0.8
,Labor force (% annual change),1.5,1.8,1.3,1.9,2.3,1.1,0.9,1.4,2.1,1.9,0.6,-0.7,1.0,-0.2,-0.2,-0.1,-0.7,-0.4,0.9,-0.7,1.0,0.4,3.1,1.4,-0.2,-0.6
,Labor force participation rate (%),71.5,71.9,71.9,72.2,72.4,72.5,72.2,72.4,72.6,72.8,72.3,72.1,71.8,71.1,70.3,69.8,68.8,68.1,68.3,67.5,67.8,67.8,68.1,68.6,68.2,67.5
,     Male,77.1,80.6,80.6,80.8,81.2,81.1,80.9,81.1,81.2,81.2,80.7,80.3,79.9,80.4,79.3,78.6,77.6,76.9,77.1,76.2,76.4,76.3,76.6,77.1,76.9,76.1
,     Female,60.9,63.3,63.3,63.9,63.8,64.3,64.0,64.2,64.5,64.5,64.3,64.3,64.2,63.2,62.0,61.6,60.6,59.8,60.1,59.4,59.8,59.9,60.3,60.9,60.6,59.7
,,,,,,,,,,,,,,,,,,,,,,,,,,,
,NATIONAL ACCOUNTS calendar year (B billion),,,,,,,,,,,,,,,,,,,,,,,,,,
,At Current Prices,,,,,,,,,,,,,,,,,,,,,,,,,,
,GDP by industrial origin at current market prices,"5,070","5,345","5,770","6,317","6,954","7,614","8,401","9,076","9,707","9,659","10,808","11,307","12,357","12,915","13,230","13,743","14,590","15,489","16,373","16,889","15,655","16,182","17,380","17,993*","18,684*","18,974*"
,"     Agriculture, forestry, and fishing",431,459,502,596,646,700,790,848,978,945,"1,137","1,311","1,422","1,462","1,335","1,219","1,237","1,302","1,343","1,373","1,363","1,407","1,515","1,539*","1,661*","1,660*"
,     Mining and quarrying,119,128,137,155,175,222,265,286,331,327,367,401,483,497,496,431,400,386,417,412,324,358,388,353*,380*,356*
,     Manufacturing,"1,439","1,487","1,645","1,869","2,046","2,255","2,534","2,776","2,966","2,846","3,343","3,279","3,457","3,563","3,648","3,762","3,960","4,184","4,374","4,327","4,002","4,395","4,698","4,496*","4,529*","4,505*"
,"     Electricity, gas, steam, and air-conditioning supply",125,144,153,167,186,196,214,222,236,249,264,270,292,313,331,343,373,396,422,446,397,408,504,557*,510*,473*
,"     Water supply; sewerage, waste management, and remediation activities",25,27,27,29,31,32,30,31,33,36,38,38,42,48,52,55,59,62,66,69,68,73,76,78*,81*,84*
,     Construction,152,155,167,176,197,227,245,263,267,271,303,307,341,345,337,380,400,395,410,419,422,438,439,440*,448*,477*
,     Wholesale and retail trade; repair of motor vehicles and motorcycles,845,882,906,948,"1,028","1,100","1,179","1,265","1,338","1,382","1,516","1,571","1,710","1,729","1,816","1,966","2,187","2,380","2,581","2,744","2,648","2,629","2,681","2,848*","2,943*","3,163*"
,     Transportation and storage,331,352,373,379,418,453,504,560,566,579,607,616,666,694,721,779,865,921,955,984,752,744,820,900*,994*,"1,037*"
,     Accommodation and food service activities,199,208,217,214,230,231,255,278,299,285,312,350,413,473,498,600,697,817,923,"1,031",599,511,742,978*,"1,150*","1,193*"
,     Information and communication,110,132,142,154,169,182,192,207,218,208,222,243,265,291,301,327,337,362,388,431,435,458,489,506*,537*,556*
,     Financial and insurance activities,193,231,277,317,367,417,449,493,524,554,581,645,745,871,961,"1,038","1,121","1,181","1,241","1,267","1,290","1,348","1,456","1,593*","1,613*","1,548*"
,     Real estate activities,216,208,230,241,248,258,280,283,287,279,294,306,318,319,325,332,354,377,400,418,428,436,450,458*,465*,472*
,"     Professional, scientific, and technical activities",95,92,98,111,129,146,162,181,190,170,196,214,259,267,268,261,255,275,285,291,275,274,293,307*,318*,325*
,     Administrative and support service activities,67,80,96,113,133,144,162,158,169,156,172,189,228,234,231,237,240,252,263,271,212,202,221,240*,247*,249*
,     Public administration and defense; compulsory social security,300,317,341,360,393,438,483,530,577,606,640,681,733,766,803,843,882,917,957,992,"1,027","1,054","1,076","1,106*","1,138*","1,157*"
,     Education,203,210,215,228,262,289,319,350,372,394,418,454,503,528,565,594,612,630,651,675,692,707,737,757*,784*,805*
,     Human health and social work activities,101,110,119,121,136,145,155,163,172,193,206,219,236,251,271,288,307,328,351,371,388,410,446,473*,507*,536*
,"     Arts, entertainment, and recreation",25,24,24,29,37,44,44,37,38,37,45,51,60,65,66,70,81,91,102,117,102,108,113,118*,125*,128*
,     Other service activities,77,82,85,91,105,115,123,125,132,124,130,142,163,175,182,186,194,204,216,223,203,193,207,215*,217*,215*
,"     Activities of households as employers; undifferentiated goods- and 
          services-producing activities of households for own use",17,18,18,20,19,18,17,18,17,17,18,21,23,23,25,28,28,27,27,28,29,29,30,32*,36*,36*
,     Activities of extraterritorial organizations and bodies,…,…,…,…,…,…,…,…,…,…,…,…,…,…,…,…,…,…,…,…,…,…,…,…,…,…
,Net factor income from abroad,-100,-149,-203,-258,-302,-341,-312,-309,-354,-338,-453,-273,-566,-825,-681,-709,-685,-694,-791,-587,-309,-532,-535,-443*,-596*,-490*
,GNI,"4,970","5,196","5,567","6,059","6,652","7,273","8,088","8,767","9,353","9,320","10,355","11,034","11,791","12,090","12,550","13,035","13,905","14,795","15,582","16,302","15,346","15,650","16,845","17,550*","18,088*","18,483*"
,,,,,,,,,,,,,,,,,,,,,,,,,,,
,               Structure of Output (% of GDP at current market prices),,,,,,,,,,,,,,,,,,,,,,,,,,
,               Agriculture,8.5,8.6,8.7,9.4,9.3,9.2,9.4,9.3,10.1,9.8,10.5,11.6,11.5,11.3,10.1,8.9,8.5,8.4,8.2,8.1,8.7,8.7,8.7,8.6*,8.9*,8.7*
,               Industryl,33.7,33.4,34.0,35.1,35.1,35.5,36.2,36.5,36.7,35.8,37.1,35.3,34.6,34.2,34.2,33.4,32.8,32.5,32.2,31.1,30.6,32.3,32.6,30.5*,29.4*,28.6*
,               Servicesm,57.8,58.0,57.3,55.4,55.6,55.3,54.4,54.1,53.2,54.4,52.4,53.1,53.9,54.4,55.7,57.7,58.7,59.1,59.6,60.8,60.7,59.0,58.7,61.0*,61.7*,62.7*
,,,,,,,,,,,,,,,,,,,,,,,,,,,
,Expenditure on GDP at current market prices,"4,987","5,282","5,648","6,238","6,899","7,528","8,252","9,062","9,571","9,590","10,706","11,073","12,095","12,690","13,140","13,916","14,816","15,584","16,229","16,738","15,600","16,001","17,028","17,716*","18,593*","19,176*"
,     Final consumption expenditure,"3,433","3,714","3,971","4,331","4,798","5,292","5,709","6,033","6,599","6,669","7,347","7,813","8,603","8,901","9,197","9,410","9,757","10,103","10,653","11,137","11,095","11,408","12,566","13,285*","13,909*","14,252*"
,          Household final consumption,"2,692","2,936","3,154","3,455","3,823","4,184","4,498","4,691","5,117","5,028","5,538","5,876","6,460","6,655","6,814","6,912","7,151","7,429","7,852","8,248","8,158","8,312","9,336","10,147*","10,649*","10,935*"
,          NPISHs final consumption,53,57,57,59,62,68,76,79,90,97,102,112,122,132,144,145,146,150,153,158,150,144,151,153*,156*,157*
,          Government final consumption,688,720,760,817,912,"1,040","1,134","1,264","1,392","1,543","1,708","1,825","2,021","2,113","2,238","2,353","2,461","2,524","2,648","2,731","2,787","2,952","3,079","2,984*","3,103*","3,160*"
,     Gross capital formation,"1,130","1,235","1,312","1,505","1,786","2,316","2,269","2,314","2,740","1,993","2,741","3,029","3,463","3,546","3,165","3,072","3,079","3,552","4,129","4,022","3,720","4,641","4,836","4,029*","4,008*","4,188*"
,          Gross fixed capital formation,"1,094","1,202","1,264","1,455","1,729","2,110","2,255","2,310","2,567","2,232","2,593","2,921","3,336","3,278","3,263","3,371","3,460","3,579","3,731","3,812","3,635","3,805","4,060","4,117*","4,123*","4,300*"
,               Public,410,402,390,392,433,535,576,626,639,650,661,644,728,737,691,865,931,926,958,963,"1,008","1,060","1,053","1,015*","1,066*","1,163*"
,               Private,684,800,874,"1,063","1,296","1,575","1,680","1,684","1,928","1,582","1,932","2,277","2,608","2,541","2,572","2,506","2,529","2,654","2,773","2,849","2,628","2,745","3,007","3,102*","3,057*","3,137*"
,          Changes in inventories,36,34,48,50,57,206,14,4,173,-239,147,108,127,268,-98,-299,-381,-27,398,210,85,835,775,-87*,-115*,-112*
,          Acquisitions less disposals of valuables,,,,,,,,,,,,,,,,,,,,,,,,,,
,     Exports of goods and services,"3,287","3,381","3,499","3,887","4,588","5,208","5,769","6,251","6,932","6,224","7,186","8,011","8,521","8,675","9,049","9,296","9,786","10,327","10,616","10,052","8,037","9,454","11,355","11,788*","13,018*","13,499*"
,          Exports of goods,"2,731","2,803","2,838","3,233","3,823","4,407","4,838","5,212","5,831","5,190","6,100","6,745","7,076","6,991","7,360","7,308","7,533","7,921","8,115","7,535","7,099","8,665","9,990","9,778*","10,483*","11,008*"
,          Exports of services,556,578,661,653,765,802,931,"1,039","1,101","1,034","1,086","1,267","1,445","1,685","1,688","1,987","2,253","2,406","2,501","2,517",938,789,"1,365","2,010*","2,534*","2,491*"
,     Less: Imports of goods and services,"2,862","3,048","3,134","3,485","4,273","5,288","5,495","5,537","6,700","5,296","6,567","7,781","8,492","8,432","8,270","7,862","7,806","8,398","9,170","8,473","7,252","9,501","11,728","11,386*","12,341*","12,763*"
,          Imports of goods,"2,266","2,430","2,445","2,770","3,390","4,264","4,324","4,295","5,256","4,117","5,259","6,376","7,073","6,977","6,801","6,407","6,271","6,816","7,394","6,708","5,832","7,644","9,524","9,101*","9,733*","10,241*"
,          Imports of services,597,618,690,716,883,"1,024","1,171","1,241","1,444","1,179","1,308","1,405","1,419","1,455","1,469","1,455","1,536","1,582","1,775","1,766","1,420","1,856","2,203","2,285*","2,608*","2,522*"
,     Statistical discrepancy,82,63,121,80,56,86,149,14,136,69,102,234,263,226,91,-173,-226,-96,145,151,55,181,351,277*,91*,-202*
,,,,,,,,,,,,,,,,,,,,,,,,,,,
,               Structure of Output (% of GDP at current market prices),,,,,,,,,,,,,,,,,,,,,,,,,,
,               Household final consumption,54.0,55.6,55.8,55.4,55.4,55.6,54.5,51.8,53.5,52.4,51.7,53.1,53.4,52.4,51.9,49.7,48.3,47.7,48.4,48.8,52.1,51.4,53.7,56.4*,57.0*,57.6*
,               Government final consumption,13.8,13.6,13.5,13.1,13.2,13.8,13.7,13.9,14.5,16.1,16.0,16.5,16.7,16.7,17.0,16.9,16.6,16.2,16.3,16.2,17.8,18.2,17.7,16.6*,16.6*,16.7*
,               Gross capital formation,22.7,23.4,23.2,24.1,25.9,30.8,27.5,25.5,28.6,20.8,25.6,27.4,28.6,27.9,24.1,22.1,20.8,22.8,25.4,23.8,23.8,28.7,27.8,22.4*,21.5*,22.1*
,                    Changes in inventories,0.7,0.6,0.9,0.8,0.8,2.7,0.2,0.0,1.8,-2.5,1.4,1.0,1.1,2.1,-0.7,-2.1,-2.6,-0.2,2.5,1.2,0.5,5.2,4.5,-0.5*,-0.6*,-0.6*
,               Exports of goods and services,65.9,64.0,61.9,62.3,66.5,69.2,69.9,69.0,72.4,64.9,67.1,72.4,70.4,68.4,68.9,66.8,66.0,66.3,65.4,59.5,51.3,58.4,65.3,65.5*,69.7*,71.1*
,               Imports of goods and services,57.4,57.7,55.5,55.9,61.9,70.2,66.6,61.1,70.0,55.2,61.3,70.3,70.2,66.5,62.9,56.5,52.7,53.9,56.5,50.2,46.3,58.7,67.5,63.3*,66.1*,67.3*
,               Statistical discrepancy,1.7,1.2,2.1,1.3,0.8,1.1,1.8,0.2,1.4,0.7,1.0,2.1,2.2,1.8,0.7,-1.2,-1.5,-0.6,0.9,0.9,0.4,1.1,2.0,1.5*,0.5*,-1.1*
,,,,,,,,,,,,,,,,,,,,,,,,,,,
,At Chained Prices,,,,,,,,,,,,,,,,,,,,,,,,,,
,GDP by industrial originn at 2002 market prices,"5,254","5,435","5,770","6,184","6,573","6,849","7,189","7,580","7,710","7,657","8,232","8,302","8,903","9,142","9,232","9,521","9,849","10,260","10,693","10,919","10,254","10,414","10,689","10,929*","11,251*","11,526*"
,"     Agriculture, forestry, and fishing",486,501,502,561,555,555,577,588,605,603,601,638,656,660,658,616,609,638,677,670,649,664,679,695*,709*,735*
,     Mining and quarrying,126,127,137,150,153,172,187,194,207,209,224,221,238,243,239,245,247,232,225,229,208,201,176,174*,191*,199*
,     Manufacturing,"1,482","1,511","1,645","1,813","1,948","2,030","2,145","2,301","2,356","2,278","2,537","2,414","2,581","2,630","2,631","2,670","2,731","2,810","2,907","2,883","2,730","2,857","2,896","2,824*","2,815*","2,827*"
,"     Electricity, gas, steam, and air-conditioning supply",129,142,153,159,172,181,187,200,210,220,235,238,262,257,265,278,286,291,298,312,287,287,297,310*,325*,316*
,"     Water supply; sewerage, waste management, and remediation activities",25,27,27,28,31,32,30,30,31,32,34,33,36,39,40,43,47,50,53,56,56,59,61,63*,65*,65*
,     Construction,157,158,167,172,186,204,207,215,203,210,228,218,236,235,229,269,290,281,288,292,296,303,295,293*,298*,318*
,     Wholesale and retail trade; repair of motor vehicles and motorcycles,864,889,906,950,995,"1,012","1,063","1,136","1,134","1,107","1,207","1,208","1,271","1,280","1,270","1,341","1,423","1,515","1,611","1,682","1,627","1,651","1,709","1,778*","1,835*","1,946*"
,     Transportation and storage,334,345,373,373,403,416,434,465,460,454,489,497,539,567,584,608,640,691,718,737,572,559,603,657*,723*,752*
,     Accommodation and food service activities,204,214,217,215,233,235,258,267,279,274,299,336,384,421,431,496,542,601,649,698,435,370,503,611*,684*,701*
,     Information and communication,104,130,142,156,187,213,250,271,296,294,312,339,369,404,425,468,479,498,542,604,612,646,680,705*,750*,782*
,     Financial and insurance activities,227,245,277,309,328,346,344,355,353,392,407,432,499,560,602,653,698,745,772,786,828,875,854,866*,884*,901*
,"     Real estate, renting, and business activities",207,204,230,248,263,274,298,303,308,295,308,319,328,332,339,344,368,393,414,430,437,444,455,462*,467*,473*
,"     Professional, scientific, and technical activities",94,91,98,110,125,138,147,164,163,145,161,172,201,205,202,199,195,207,213,217,206,200,202,209*,213*,218*
,     Administrative and support service activities,67,80,96,111,128,134,143,138,139,127,135,143,167,168,164,170,172,177,183,188,147,136,142,152*,155*,156*
,     Public administration and defense; compulsory social security,314,324,341,350,351,369,379,408,422,438,456,473,493,495,502,507,510,514,521,528,537,538,532,538*,544*,543*
,     Education,211,214,215,223,234,245,253,264,266,274,289,296,311,317,324,324,324,325,328,333,337,338,343,345*,352*,353*
,     Human health and social work activities,105,112,119,119,126,130,133,138,142,158,167,175,185,192,202,209,215,224,234,243,251,260,274,284*,300*,316*
,"     Arts, entertainment, and recreation",25,24,24,29,36,42,42,36,35,34,42,48,56,61,61,67,81,91,102,116,101,107,108,110*,116*,117*
,     Other service activities,78,82,85,89,101,106,110,109,109,102,104,112,125,132,135,140,145,152,158,163,150,141,143,147*,147*,148*
,"     Activities of households as employers; undifferentiated goods- and 
          services-producing activities of households for own useo",19,19,18,19,18,18,17,18,16,18,18,19,19,18,17,18,18,17,17,17,17,17,17,17*,17*,18*
,     Activities of extraterritorial organizations and bodies,…,…,…,…,…,…,…,…,…,…,…,…,…,…,…,…,…,…,…,…,…,…,…,…,…,…
,Net factor income from abroad,…,…,…,…,…,…,…,…,…,…,…,…,…,…,…,…,…,…,…,…,…,…,…,…,…,…
,GNI,"5,155","5,286","5,567","5,931","6,285","6,540","6,921","7,321","7,435","7,394","7,891","8,107","8,507","8,574","8,776","9,041","9,385","9,792","10,164","10,523","10,052","10,062","10,344","10,626*","10,841*",…
,,,,,,,,,,,,,,,,,,,,,,,,,,,
,               Growth of Output (% annual change),,,,,,,,,,,,,,,,,,,,,,,,,,
,               GDP,4.5,3.4,6.1,7.2,6.3,4.2,5.0,5.4,1.7,-0.7,7.5,0.8,7.2,2.7,1.0,3.1,3.4,4.2,4.2,2.1,-6.1,1.6,2.6,2.2*,2.9*,2.4*
,               Agriculture,6.8,3.1,0.1,12.0,-1.1,-0.1,3.9,1.9,2.9,-0.2,-0.5,6.3,2.7,0.7,-0.3,-6.5,-1.2,4.8,6.1,-1.0,-3.2,2.2,2.3,2.4*,1.9*,3.6*
,               Industryl,4.0,2.5,8.6,9.6,7.2,4.8,5.6,6.8,2.9,-2.3,10.6,-4.1,7.3,1.6,0.2,1.9,2.3,2.2,2.9,-0.1,-5.8,3.7,0.6,-1.7*,0.9*,0.4*
,               Servicesm,4.4,4.0,5.6,5.0,7.0,4.5,5.0,5.1,0.9,-0.1,7.0,3.5,8.2,4.0,1.9,5.9,5.0,5.4,4.7,3.8,-6.7,0.4,3.8,4.4*,4.1*,3.3*
,,,,,,,,,,,,,,,,,,,,,,,,,,,
,Expenditure on GDPn at 2002 market prices,"5,176","5,336","5,648","6,056","6,434","6,702","7,067","7,464","7,606","7,580","8,153","8,235","8,813","9,024","9,119","9,410","9,726","10,113","10,530","10,777","10,104","10,251","10,543","10,757*","11,074*","11,359*"
,          Household final consumption,"2,855","3,023","3,211","3,447","3,703","3,859","3,967","4,014","4,128","4,091","4,314","4,393","4,715","4,760","4,785","4,910","5,051","5,207","5,446","5,661","5,617","5,651","6,006","6,409*","6,692*","6,871*"
,          NPISHs final consumption,,,,,,,,,,,,,,,,,,,,,,,,,,
,          Government final consumption,716,735,760,799,830,896,917,995,"1,044","1,153","1,256","1,302","1,396","1,417","1,457","1,494","1,526","1,530","1,571","1,596","1,617","1,677","1,678","1,601*","1,642*","1,652*"
,     Gross capital formation,"1,206","1,225","1,312","1,474","1,704","2,074","1,949","1,975","2,157","1,622","2,140","2,197","2,452","2,540","2,226","2,274","2,188","2,428","2,823","2,728","2,600","2,933","2,708","2,291*","2,148*",…
,          Gross fixed capital formation,"1,169","1,191","1,264","1,424","1,651","1,889","1,938","1,971","2,024","1,787","1,997","2,098","2,324","2,300","2,250","2,340","2,404","2,449","2,560","2,611","2,487","2,564","2,622","2,653*","2,644*","2,774*"
,               Public,430,403,390,379,401,467,477,500,460,498,493,451,482,487,453,581,636,628,651,651,685,709,681,653*,682*,743*
,               Private,739,788,874,"1,045","1,250","1,421","1,461","1,471","1,565","1,289","1,504","1,647","1,842","1,813","1,797","1,759","1,768","1,822","1,900","1,950","1,792","1,845","1,931","1,990*","1,951*","2,020*"
,          Changes in inventories,37,34,48,50,54,188,11,3,139,-183,107,68,93,183,-64,-112,-341,-69,258,117,128,290,235,-9*,-184*,-288*
,          Acquisitions less disposals of valuables,,,,,,,,,,,,,,,,,,,,,,,,,,
,     Exports of goods and services,"3,305","3,304","3,499","3,819","4,377","4,717","5,226","5,691","6,047","5,313","6,068","6,645","6,889","7,062","7,086","7,175","7,368","7,750","8,010","7,773","6,221","6,914","7,355","7,555*","8,123*","8,872*"
,          Exports of goods,"2,749","2,721","2,838","3,173","3,657","3,960","4,379","4,764","5,088","4,404","5,129","5,579","5,700","5,706","5,750","5,615","5,628","5,931","6,154","5,926","5,584","6,439","6,509","6,342*","6,619*","7,406*"
,          Exports of services,555,582,661,646,720,757,847,927,960,910,937,"1,065","1,189","1,358","1,339","1,566","1,750","1,828","1,865","1,856",697,554,912,"1,289*","1,583*","1,553*"
,     Less: Imports of goods and services,"2,908","2,951","3,134","3,482","4,189","4,867","5,011","5,221","5,816","4,608","5,666","6,368","6,727","6,840","6,478","6,478","6,414","6,813","7,377","6,995","6,022","7,099","7,342","7,162*","7,568*","8,072*"
,          Imports of goods,"2,282","2,325","2,445","2,773","3,345","3,906","3,943","4,112","4,563","3,588","4,555","5,209","5,580","5,681","5,323","5,335","5,213","5,600","6,043","5,695","5,094","6,026","6,086","5,826*","6,083*","6,681*"
,          Imports of services,625,624,690,709,844,962,"1,071","1,112","1,255","1,022","1,114","1,164","1,151","1,163","1,157","1,145","1,199","1,215","1,335","1,299",953,"1,106","1,255","1,323*","1,464*","1,388*"
,,,,,,,,,,,,,,,,,,,,,,,,,,,
,               Growth of Demand (% annual change),,,,,,,,,,,,,,,,,,,,,,,,,,
,               Household final consumptionp,7.0,5.9,6.2,7.3,7.4,4.2,2.8,1.2,2.8,-0.9,5.5,1.8,7.3,1.0,0.5,2.6,2.9,3.1,4.6,4.0,-0.8,0.6,6.3,6.7*,4.4*,2.7*
,               Government final consumption,2.8,2.6,3.4,5.1,3.9,8.0,2.3,8.6,4.9,10.4,8.9,3.7,7.2,1.5,2.8,2.5,2.2,0.3,2.7,1.6,1.4,3.7,0.1,-4.6*,2.6*,0.6*
,               Gross capital formation,3.1,1.5,7.1,12.3,15.6,21.7,-6.0,1.3,9.2,-24.8,32.0,2.6,11.6,3.6,-12.3,2.1,-3.8,11.0,16.3,-3.4,-4.7,12.8,-7.7,-15.4*,-6.2*,…
,               Exports of goods and services,15.8,-0.0,5.9,9.1,14.6,7.8,10.8,8.9,6.3,-12.1,14.2,9.5,3.7,2.5,0.3,1.3,2.7,5.2,3.4,-3.0,-20.0,11.1,6.4,2.7*,7.5*,9.2*
,               Imports of goods and services,26.0,1.5,6.2,11.1,20.3,16.2,2.9,4.2,11.4,-20.8,23.0,12.4,5.6,1.7,-5.3,0.0,-1.0,6.2,8.3,-5.2,-13.9,17.9,3.4,-2.5*,5.7*,6.7*
,,,,,,,,,,,,,,,,,,,,,,,,,,,
,Investment Financing at Current Prices,,,,,,,,,,,,,,,,,,,,,,,,,,
,Gross capital formation,"1,130","1,235","1,312","1,505","1,786","2,316","2,269","2,314","2,740","1,993","2,741","3,029","3,463","3,546","3,165","3,072","3,079","3,552","4,129","4,022","3,720","4,641","4,836","4,029*","4,008*","4,188*"
,Gross national saving,"1,501","1,462","1,514","1,703","1,896","2,014","2,354","2,850","2,766","2,758","3,099","3,322","3,312","3,289","3,546","4,027","4,614","5,043","5,043","5,206","4,369","4,291","4,239","4,334*","4,411*","4,776*"
,     Gross domestic saving,"1,555","1,569","1,677","1,907","2,101","2,237","2,543","3,029","2,972","2,921","3,359","3,259","3,491","3,789","3,943","4,506","5,059","5,481","5,576","5,601","4,506","4,594","4,463","4,432*","4,685*","4,924*"
,     Net factor income from abroad,-100,-149,-203,-258,-302,-341,-312,-309,-354,-338,-453,-273,-566,-825,-681,-709,-685,-694,-791,-587,-309,-532,-535,-443*,-596*,-490*
,     Net current transfers from abroad,46,43,40,54,97,119,123,131,148,176,193,335,387,326,284,229,241,255,259,192,172,229,312,345*,323*,342*
,,,,,,,,,,,,,,,,,,,,,,,,,,,
,               Savings and Investment (% of GDP at current market prices),,,,,,,,,,,,,,,,,,,,,,,,,,
,               Gross domestic saving,30.7,29.3,29.1,30.2,30.2,29.4,30.3,33.4,30.6,30.2,31.1,28.8,28.3,29.3,29.8,32.8,34.7,35.4,34.1,33.2,28.8,28.4,25.7,24.6*,25.1*,26.0*
,               Gross national saving,29.6,27.3,26.2,27.0,27.3,26.4,28.0,31.4,28.5,28.6,28.7,29.4,26.8,25.5,26.8,29.3,31.6,32.6,30.8,30.8,27.9,26.5,24.4,24.1*,23.6*,25.2*
,               Gross capital formation,22.3,23.1,22.7,23.8,25.7,30.4,27.0,25.5,28.2,20.6,25.4,26.8,28.0,27.5,23.9,22.4,21.1,22.9,25.2,23.8,23.8,28.7,27.8,22.4*,21.5*,22.1*
,,,,,,,,,,,,,,,,,,,,,,,,,,,
,At Current Market Prices (B),,,,,,,,,,,,,,,,,,,,,,,,,,
,Per capita GDP,"81,459.0","85,388.0","91,642.0","99,766.0","109,196.0","118,877.0","130,398.0","140,079.0","148,952.0","147,364.0","163,956.0","170,467.0","185,159.3","192,327.2","195,807.3","202,151.6","213,552.5","225,125.9","236,927.4","243,658.5","225,229.3","232,207.2","248,811.6","256,895.5*","266,102.7*","269,643.1*"
,Per capita GNI,"79,852.0","83,000.0","88,420.0","95,689.0","104,452.0","113,546.0","125,550.0","135,312.0","143,520.0","142,200.0","157,088.0","166,355.5","176,675.5","180,034.4","185,733.0","191,723.4","203,521.1","215,040.9","225,477.7","235,190.6","220,780.6","224,579.5","241,153.6","250,564.5*","257,609.6*","262,673.1*"
,,,,,,,,,,,,,,,,,,,,,,,,,,,
,At Current Market Prices ($),,,,,,,,,,,,,,,,,,,,,,,,,,
,GDP by industrial origin at current market prices ($ million),"126,240.6","120,166.5","134,176.2","152,114.2","172,691.4","189,084.0","221,477.6","262,624.5","290,975.1","281,265.7","340,628.5","370,839.8","397,597.9","420,278.5","407,337.0","401,269.4","413,324.0","456,354.3","506,757.7","543,987.3","500,245.7","505,992.7","495,636.0","516,944.9*","529,360.6*","577,061.0*"
,GNI ($ million),"123,751.4","116,805.9","129,459.2","145,896.9","165,188.3","180,605.2","213,243.8","253,686.7","280,363.5","271,409.5","326,359.0","361,895.6","379,380.5","393,415.9","386,379.6","380,569.5","393,908.6","435,910.8","482,268.2","525,082.1","490,365.1","489,371.5","480,381.1","504,205.2*","512,465.1*","562,144.7*"
,Per capita GDP ($),"2,028.4","1,919.7","2,131.2","2,402.3","2,711.6","2,952.0","3,437.9","4,053.2","4,465.0","4,291.3","5,167.2","5,590.9","5,957.5","6,258.6","6,028.5","5,902.2","6,049.6","6,633.1","7,332.9","7,848.1","7,196.9","7,260.9","7,095.7","7,384.9*","7,539.3*","8,200.8*"
,,,,,,,,,,,,,,,,,,,,,,,,,,,
,"Gross Domestic Product at Purchasing Power Parity (current international dollars, million)","459,270.7","485,786.8","523,670.9","572,401.2","624,761.8","671,334.3","726,416.3","786,648.2","815,641.2","815,004.0","886,887.2","912,789.8","1,014,923.3","1,062,759.8","1,078,896.9","1,113,921.6","1,181,322.2","1,250,522.1","1,347,310.4","1,427,827.1","1,372,406.0","1,451,544.3","1,595,798.2","1,692,060.9*","1,785,194.7*","1,880,026.6*"
,Gross Domestic Product per capita at Purchasing Power Parity (current international dollars),"7,379.3","7,760.5","8,317.8","9,039.7","9,810.0","10,480.9","11,275.7","12,140.8","12,516.0","12,434.6","13,453.8","13,760.7","15,206.1","15,825.1","15,967.5","16,386.0","17,310.6","18,153.7","19,496.1","20,599.1","19,751.7","20,835.2","22,843.3","24,077.1*","25,425.4*","26,717.8*"
,"Gross National Income per capita, Atlas method (current $)","1,980.0","1,960.0","1,980.0","2,170.0","2,520.0","2,770.0","3,070.0","3,480.0","3,900.0","4,060.0","4,490.0","4,840.0","5,400.0","5,580.0","5,620.0","5,560.0","5,550.0","5,800.0","6,430.0","7,070.0","6,910.0","7,100.0","7,220.0","7,210.0","7,130.0","7,690.0"
,Growth rates of real Gross Domestic Product per capita (%),3.3,2.9,5.5,6.6,5.7,3.6,4.4,4.8,1.1,-1.3,6.9,0.2,6.6,2.1,0.4,2.5,3.0,3.2,3.9,1.8,-6.3,1.3,2.4,1.9*,2.6*,2.2*
,,,,,,,,,,,,,,,,,,,,,,,,,,,
,PRODUCTION INDEXES period averages,,,,,,,,,,,,,,,,,,,,,,,,,,
,Agriculture 2005 = 100,…,…,…,…,… |,100.0,106.2,110.8,112.9,116.1,117.1,127.1,131.1,129.8,130.5,127.3,127.5,136.2,145.7,145.1,139.8,141.9,144.1,147.1,147.6,152.4
,Manufacturing 2000 | 2011 | 2016 | 2021 = 100,100.0,102.7,112.0,127.7,142.6,149.8,159.3,172.2,178.9,170.0,194.2 |,100.0,110.1,112.2,107.7,107.7 |,100.0,101.7,105.6,102.0,92.3 |,100.0,101.5,97.9,96.6,95.8
,,,,,,,,,,,,,,,,,,,,,,,,,,,
,ENERGY annual values,,,,,,,,,,,,,,,,,,,,,,,,,,
,Crude petroleum (t ’000 ),,,,,,,,,,,,,,,,,,,,,,,,,,
,     Production,"2,899","3,090","3,771","4,807","4,280","5,684","6,435","6,716","7,203","7,688","7,644","6,987","7,455","7,460","6,913","7,605","8,161","7,049","6,448","6,283","5,857","4,872","3,935","3,474","4,032","4,245"
,     Exports,"1,505","1,906","2,312","3,334","2,828","3,273","3,266","2,597","2,295","2,050","1,495","1,622","2,054","1,241",334,39,"1,545","1,631","1,428","1,386","1,229",807,672,573,968,672
,     Imports,"33,686","35,554","36,359","38,721","43,534","41,308","41,388","40,137","40,613","40,093","40,734","39,637","43,048","43,321","40,171","43,690","42,648","45,265","47,465","42,732","41,869","43,080","45,581","48,018","48,593","47,754"
,     Consumption,"29,002","27,992","29,432","31,159","34,391","34,439","33,664","33,303","31,749","32,111","32,604","33,666","35,527","36,419","36,635","38,295","39,917","40,723","41,490","42,195","37,301","35,164","44,906","40,527","41,252","41,213"
,,,,,,,,,,,,,,,,,,,,,,,,,,,
,Coal (t ’000 ),,,,,,,,,,,,,,,,,,,,,,,,,,
,     Production,…,…,…,…,…,…,…,…,"18,095","17,566","18,258","21,327","18,066","18,111","17,982","15,151","16,979","16,259","14,852","14,078","13,251","14,222","13,641","12,811","12,752","12,460"
,     Exports,…,…,…,…,…,…,…,0,75,39,21,6,10,9,24,21,36,46,84,60,63,152,187,95,102,42
,     Imports,"4,182","4,937","5,596","7,107","7,546","8,566","11,211","14,268","16,012","16,382","16,957","16,328","18,606","18,017","20,887","21,890","21,775","22,329","24,987","21,686","23,835","24,083","21,533","18,057","18,452","17,758"
,     Consumption,"4,183","4,945","5,599","7,110","7,550","8,568","11,215","14,482","16,017","16,389","16,965","16,337","18,614","18,030","20,933","21,932","38,714","38,478","39,346","35,681","37,272","38,606","35,566","30,851","31,187","30,307"
,,,,,,,,,,,,,,,,,,,,,,,,,,,
,Natural gas (scf million),,,,,,,,,,,,,,,,,,,,,,,,,,
,     Production,"1,948","1,900","1,986","2,077","2,158","2,292","2,353","2,515","2,778","2,990","3,506","3,577","3,996","4,044","4,073","3,850","3,767","3,620","3,527","3,623","3,262","3,204","2,648","2,653","2,853","2,936"
,     Exports,–,–,–,–,–,–,–,–,–,–,–,–,–,–,–,–,–,–,–,–,–,–,–,–,–,–
,     Imports,164,496,617,686,726,857,869,906,828,803,853,928,950,"1,013","1,025","1,262","1,249","1,358","1,385","1,394","1,437","1,521","1,626","2,010","1,915","1,650"
,     Consumption,"1,976","2,296","2,495","2,657","2,774","2,997","3,086","3,288","3,444","3,564","4,039","4,143","4,534","4,568","4,669","4,764","4,714","4,682","4,676","4,762","4,368","4,395","4,143","4,410","4,498","4,422"
,,,,,,,,,,,,,,,,,,,,,,,,,,,
,Electricity (kWh million),,,,,,,,,,,,,,,,,,,,,,,,,,
,     Production,"98,488","103,869","111,254","118,411","127,511","134,798","141,919","147,026","148,221","148,358","164,829","164,090","179,484","181,205","186,024","192,246","199,654","201,166","204,428","212,050","206,034","209,717","215,824","223,295","235,500","227,438"
,     Exports,150,168,188,206,253,501,586,745,961,"1,306","1,314","1,335","1,912","1,794","2,066","2,267","1,436","1,106","1,093","2,882","2,618","1,969","2,062","2,256","3,577","2,241"
,     Imports,"2,966","2,882","2,812","2,473","3,378","4,372","5,152","4,488","2,784","2,460","7,254","10,774","10,527","12,572","12,260","14,414","19,825","24,427","26,669","25,547","29,551","33,356","35,472","32,805","35,985","39,136"
,     Consumption,"92,467","97,887","100,091","106,987","115,101","121,240","127,879","133,113","135,520","135,181","149,301","148,855","161,779","164,341","168,685","174,833","182,847","185,124","187,832","192,960","187,046","190,468","197,209","203,923","214,469","208,428"
,,,,,,,,,,,,,,,,,,,,,,,,,,,
,Retail prices (B/L),,,,,,,,,,,,,,,,,,,,,,,,,,
,"     Gasoline, unleaded regularq",15.6,15.5,15.3,16.6,19.1,23.9,27.6,26.2,29.0,27.5,32.4,36.5,38.0,38.9,38.9,27.6,24.5,27.2,29.0,27.7,21.9,28.5,37.9,36.4,37.3,33.3
,     Diesel,12.9,13.4,13.1,14.0,14.6,20.0,25.6,25.7,31.3,24.8,28.7,29.5,30.4,30.0,29.7,24.5,23.3,25.6,28.4,26.5,22.6,28.0,33.1,32.3,31.9,32.0
,,,,,,,,,,,,,,,,,,,,,,,,,,,
,ENVIRONMENT,,,,,,,,,,,,,,,,,,,,,,,,,,
,Agriculture Land Use (% of total land area),,,,,,,,,,,,,,,,,,,,,,,,,,
,     Agricultural land,42.9,43.0,43.2,43.4,43.6,43.8,43.9,44.1,44.3,44.5,44.7,44.7,44.7,44.7,44.7,44.7,44.7,44.7,44.7,45.0,45.6,46.0,46.0,43.8,…,…
,     Arable land,34.6,34.7,34.8,34.9,35.1,35.1,35.1,35.1,34.9,34.3,35.2,35.0,34.0,33.9,33.3,33.1,33.0,32.8,32.8,32.5,32.9,31.7,31.0,31.0,…,…
,     Permanent cropland,6.7,6.8,6.9,7.0,7.0,7.1,7.2,7.4,7.8,8.6,7.9,8.1,9.1,9.2,9.8,10.0,10.1,10.3,10.4,10.6,11.1,11.1,11.2,11.2,…,…
,,,,,,,,,,,,,,,,,,,,,,,,,,,
,Deforestation and Pollution,,,,,,,,,,,,,,,,,,,,,,,,,,
,     Deforestation rater (average % change),0.0,0.0,0.0,0.0,0.0,0.0,0.0,0.0,0.0,0.0,0.0,0.0,0.0,0.0,0.0,0.0,-0.3,-0.3,-0.3,-0.3,-0.3,0.7,0.7,0.7,0.7,0.7
,     Carbon dioxide emissions (t '000 CO₂ equivalent),"174,842.8","183,525.5","195,071.5","202,930.5","221,142.7","229,224.8","232,849.1","237,863.0","238,969.4","232,017.6","246,359.6","246,746.2","264,804.1","275,957.6","272,522.8","281,467.7","277,763.8","281,081.0","276,653.7","286,470.4","275,633.4","268,576.7","284,314.0","275,034.4","283,809.1",…
,     Nitrous oxide emissions (t '000 CO₂ equivalent),"15,608.8","15,937.6","16,413.7","17,149.8","17,574.0","17,347.4","16,917.7","18,601.9","17,854.1","19,655.9","20,392.5","20,945.0","20,876.7","21,939.5","20,909.1","19,810.6","20,541.8","21,236.4","21,413.8","20,274.7","20,086.2","19,035.4","18,885.7","18,554.1","18,287.7",…
,     Methane emissions (t '000 CO₂ equivalent),"72,174.8","73,823.2","73,557.7","76,863.7","78,444.9","80,546.6","81,719.4","85,942.0","86,958.0","88,958.0","93,546.9","92,501.1","92,792.8","91,473.1","86,555.4","82,844.9","83,269.3","82,578.7","79,597.6","76,865.1","78,895.2","79,271.7","80,300.3","80,329.3","81,080.1",…
,     Total greenhouse gas emissions (t '000 CO₂ equivalent),"266,586.8","278,656.9","291,779.0","305,229.6","327,030.1","338,872.2","343,897.9","355,102.5","356,990.6","354,299.7","373,950.3","373,983.7","392,564.1","403,866.7","395,706.3","401,382.5","401,089.9","406,636.8","402,117.3","410,460.1","403,909.5","398,698.1","417,771.2","410,662.8","422,387.3",…
,,,,,,,,,,,,,,,,,,,,,,,,,,,
,Freshwater Resources,,,,,,,,,,,,,,,,,,,,,,,,,,
,     Internal renewable freshwater resources (m³ billion per year),224.5,224.5,224.5,224.5,224.5,224.5,224.5,224.5,224.5,224.5,224.5,224.5,224.5,224.5,224.5,224.5,224.5,224.5,224.5,224.5,224.5,224.5,224.5,224.5,…,…
,     Internal renewable freshwater resources (m³ per inhabitant per year),"3,563.2","3,527.2","3,493.4","3,461.0","3,430.1","3,400.8","3,372.7","3,345.8","3,320.2","3,295.7","3,273.7","3,253.4","3,233.3","3,214.4","3,197.4","3,182.7","3,168.4","3,155.0","3,145.5","3,139.0","3,133.8","3,130.0","3,129.7","3,131.1",…,…
,     Annual freshwater withdrawals (m³ billion),…,…,…,…,…,…,…,57.3,54.6,51.9,49.2,46.5,43.8,41.1,38.4,35.7,29.4,31.3,38.5,45.9,47.0,44.2,50.2,53.5,…,…
,     Water productivitys (constant 2015 $ per m³),…,…,…,…,…,…,…,5.6,5.7,5.6,6.1,6.1,6.5,6.7,6.8,7.0,7.2,7.5,7.9,8.0,7.5,7.7,7.9,…,…,…
,,,,,,,,,,,,,,,,,,,,,,,,,,,
,Temperature and Climate-Related Disasters,,,,,,,,,,,,,,,,,,,,,,,,,,
,"     Temperature change with respect to a baseline climatology,
          corresponding to the period 1951–1980 (°C)",-0.0,0.5,0.5,0.7,0.4,0.8,0.6,0.4,0.3,0.4,1.2,0.1,0.8,1.0,0.6,1.1,1.4,1.0,0.8,1.7,1.4,1.0,0.9,1.4,2.0,…
,     Climate related disasters frequency: Total number of disasterst,5.0,6.0,6.0,4.0,6.0,6.0,3.0,5.0,6.0,1.0,2.0,4.0,2.0,3.0,7.0,2.0,4.0,6.0,…,3.0,7.0,6.0,11.0,3.0,6.0,…
,,,,,,,,,,,,,,,,,,,,,,,,,,,
,PRICE INDEXES period averages,,,,,,,,,,,,,,,,,,,,,,,,,,
,     Consumer (national); 2023 = 100,63.4,64.4,64.8,66.0,67.9,70.9,74.2,75.8,80.0,79.3,81.9,85.0,87.6,89.5,91.2,90.4,90.6,91.2,92.1,92.8,92.0,93.1,98.8,100.0,100.4,100.3
,          Food and nonalcoholic beverages,45.7,46.0,46.2,47.9,50.1,52.6,55.0,57.2,63.8,66.6,70.2,75.8,79.5,82.2,85.4,86.4,87.8,87.8,88.2,90.2,91.3,91.2,97.5,100.0,100.8,101.8
,"          Alcoholic beverages, tobacco, and narcotics",49.2,52.3,53.4,53.1,52.7,53.6,58.2,59.1,60.7,65.9,69.1,69.2,71.2,75.4,79.0,80.6,90.3,93.0,97.0,97.0,97.0,97.3,99.2,100.0,101.2,101.3
,          Clothing and footwear,96.0,96.8,97.3,97.4,97.6,98.0,98.3,98.4,98.8,96.6,95.5,96.1,97.0,97.8,98.6,99.2,99.6,99.6,99.9,100.0,100.0,99.7,99.8,100.0,99.6,98.7
,"          Housing, water, electricity, gas, and other fuelsu",87.4,88.7,88.7,88.2,88.7,89.8,91.7,91.8,88.9,87.3,89.1,90.3,92.7,94.5,95.8,96.4,95.4,95.6,96.6,97.0,96.0,94.3,98.8,100.0,99.8,99.6
,"          Furnishings, household equipment, and routine household maintenance",,,,,,,,,,,,,,,,,,,,,,,,,,
,          Health,80.1,81.8,82.6,83.3,84.6,86.1,87.3,87.9,88.9,90.0,90.7,91.5,92.5,93.3,94.2,95.1,95.9,96.2,96.7,96.9,97.1,97.4,98.5,100.0,100.1,99.3
,          Transport,66.3,68.3,69.3,71.5,74.5,81.8,89.3,91.2,96.8,87.2,90.4,92.0,93.4,94.7,94.8,88.6,87.0,89.0,91.1,90.0,86.0,92.6,101.0,100.0,100.4,98.4
,          Communication,,,,,,,,,,,,,,,,,,,,,,,,,,
,          Recreation and culture,96.3,97.3,98.3,98.2,99.8,100.7,101.5,102.7,104.2,97.4,94.0,94.5,94.9,95.4,96.0,97.0,97.7,98.3,98.6,99.2,99.3,98.8,99.1,100.0,100.6,101.1
,          Education,,,,,,,,,,,,,,,,,,,,,,,,,,
,          Restaurants and hotels,,,,,,,,,,,,,,,,,,,,,,,,,,
,          Miscellaneous goods and servicesv,…,…,…,…,…,…,…,…,…,…,…,…,…,…,…,…,…,…,…,…,…,…,…,…,…,…
,     Consumer (Bangkok); 2023 = 100,64.9,66.0,66.3,67.4,69.1,72.1,75.4,77.0,80.5,79.6,81.8,84.8,87.5,89.2,90.5,90.1,90.2,90.7,91.7,92.5,91.8,92.7,98.4,100.0,100.6,100.6
,          Food and nonalcoholic beverages,47.7,47.9,48.0,49.7,51.8,54.1,56.1,58.2,64.1,66.4,69.3,75.0,79.2,81.5,83.8,84.4,85.7,85.6,86.4,88.4,89.2,89.5,96.6,100.0,101.3,102.8
,"          Alcoholic beverages, tobacco, and narcotics",49.3,52.3,53.4,53.0,52.5,53.5,58.2,59.2,60.9,65.9,68.9,68.8,70.9,75.1,78.3,80.0,89.7,92.4,96.6,96.6,96.6,96.9,99.2,100.0,101.0,101.0
,          Clothing and footwear,98.5,99.5,100.2,100.2,100.3,100.7,101.0,101.0,101.2,99.2,97.9,97.9,98.7,99.8,100.8,101.4,101.4,100.8,100.8,100.7,100.8,100.5,100.5,100.0,99.1,96.3
,"          Housing, water, electricity, gas, and other fuels",85.8,87.2,87.2,86.4,86.8,88.0,89.9,89.9,87.4,87.0,89.0,90.1,92.3,94.2,95.5,96.8,96.0,96.2,97.2,97.5,96.5,94.7,99.1,100.0,100.0,99.9
,"          Furnishings, household equipment, and routine household maintenance",,,,,,,,,,,,,,,,,,,,,,,,,,
,          Health,79.0,80.8,81.8,82.5,83.9,85.6,86.8,87.6,88.4,89.3,89.9,90.6,91.7,92.5,93.3,94.2,94.5,94.6,95.4,95.7,96.1,96.6,98.1,100.0,99.8,98.9
,          Transport,67.2,69.3,70.0,72.1,75.1,82.9,91.5,93.5,98.2,87.3,89.9,91.1,92.3,93.4,93.5,88.8,87.4,89.1,90.8,90.5,87.1,92.8,100.5,100.0,100.4,98.2
,          Communication,,,,,,,,,,,,,,,,,,,,,,,,,,
,          Recreation and culture,94.7,95.6,96.5,96.5,98.1,98.9,99.0,99.9,101.5,95.6,92.7,93.1,93.6,94.2,94.8,95.9,97.2,97.9,98.2,98.9,99.1,98.5,98.8,100.0,100.6,101.5
,          Education,,,,,,,,,,,,,,,,,,,,,,,,,,
,          Restaurants and hotels,,,,,,,,,,,,,,,,,,,,,,,,,,
,          Miscellaneous goods and servicesv,…,…,…,…,…,…,…,…,…,…,…,…,…,…,…,…,…,…,…,…,…,…,…,…,…,…
,     Producer (national); 2010 | 2015 | 2021 = 100,60.6,62.1,63.2,65.7,70.1,76.5,81.9,84.5,95.0,91.4,100.0,105.5,106.6,106.9,107.0 |,100.0,98.8 |,97.3,97.8,97.0,95.5,100.0,110.4,107.8,109.5,107.1
,     Wholesale (national); 2019 = 100,33.8,36.5,46.5,54.2,62.0,61.4,61.6,63.7,64.2,60.6,66.7,71.6,86.5,84.3,79.4,95.9,106.1,106.6,98.4,100.0,97.8,108.5,117.5,123.8,134.1,164.0*
,     Retail (national); 2019 = 100,29.8,32.3,36.8,41.5,48.3,52.4,54.5,54.8,56.9,53.0,63.5,69.9,83.1,83.0,78.1,78.2,79.2,84.2,95.1,100.0,90.8,95.2,111.9,117.1,135.8,175.9*
,     Implicit GDP deflator; 2002 = 100,96.5,98.3,100.0,102.1,105.8,111.2,116.9,119.7,125.9,126.1,131.3,136.2,138.8,141.3,143.3,144.3,148.1,151.0,153.1,154.7,152.7,155.4,162.6,164.6,166.1,164.6
,,,,,,,,,,,,,,,,,,,,,,,,,,,
,               Price Indexes (% annual change),,,,,,,,,,,,,,,,,,,,,,,,,,
,               Consumer price index (national),1.7,1.6,0.7,1.8,2.8,4.5,4.7,2.2,5.5,-0.9,3.3,3.8,3.0,2.2,1.9,-0.9,0.2,0.7,1.1,0.7,-0.8,1.2,6.1,1.2,0.4,-0.1
,               Food and nonalcoholic beverages price index (national),-1.1,0.7,0.4,3.7,4.5,4.9,4.5,4.1,11.6,4.4,5.4,8.0,4.9,3.4,3.9,1.1,1.6,–,0.4,2.3,1.2,-0.1,6.9,2.6,0.8,1.1
,               Producer price index,3.9,2.5,1.8,4.0,6.7,9.1,7.1,3.2,12.4,-3.8,9.4,5.4,1.0,0.3,0.1,…,-1.2 |,0.7,0.5,-0.7,-1.6,4.7,10.4,-2.4,1.7,-2.3
,               Implicit GDP deflator,1.3,1.9,1.7,2.1,3.6,5.1,5.1,2.5,5.1,0.2,4.1,3.7,1.9,1.8,1.4,0.7,2.6,1.9,1.4,1.0,-1.3,1.8,4.6,1.3,0.9,-0.9
,,,,,,,,,,,,,,,,,,,,,,,,,,,
,MONEY AND FINANCE,,,,,,,,,,,,,,,,,,,,,,,,,,
,Money as of end of period (B billion),,,,,,,,,,,,,,,,,,,,,,,,,,
,Net foreign assets,887.7,"1,215.5","1,632.4","1,851.5","2,099.5","2,388.9","2,947.1","3,594.3","4,132.3","4,569.9","4,883.9","5,426.3","4,942.9","5,007.1","5,040.9","5,873.4","6,151.5","6,410.0","6,714.9","6,823.0","7,775.4","7,762.8","7,570.8","7,897.7","8,466.4","9,509.7"
,Domestic claims,"5,870.2","5,612.9","6,222.8","7,722.4","8,081.9","8,454.5","8,549.0","8,886.4","9,570.6","10,017.0","11,017.9","12,781.2","14,721.7","15,891.3","16,730.6","17,607.6","18,396.1","19,264.6","20,196.2","20,750.0","22,299.7","24,396.4","25,444.7","26,490.2","27,025.8","27,903.3"
,     Claims on central government (net),190.9,264.9,272.0,296.4,261.3,221.7,96.8,132.1,203.8,291.8,155.3,200.9,352.1,234.9,399.3,417.6,481.6,500.0,408.2,463.9,"1,115.2","2,276.9","2,531.4","3,070.8","3,452.4","4,316.8"
,     Claims on other financial corporations,…,…,…,"1,116.0",835.8,752.4,665.3,573.9,520.2,624.8,668.4,698.5,845.9,891.8,902.8,954.8,"1,011.5","1,078.7","1,071.6","1,102.3","1,127.3","1,131.8","1,213.7","1,256.8","1,497.1","1,498.2"
,     Claims on state and local government units,–,–,–,0.3,0.8,1.8,2.6,3.5,5.1,5.6,18.3,18.4,22.3,24.8,22.1,18.9,17.7,16.3,13.8,12.3,10.0,8.6,8.7,8.9,10.5,14.0
,     Claims on public nonfinancial corporations,355.9,381.6,348.1,361.0,365.3,331.8,313.0,348.1,324.9,366.2,372.2,392.2,353.9,334.2,322.0,290.7,287.1,306.2,338.8,372.9,400.3,455.2,652.5,801.4,879.4,861.9
,     Claims on private sector,"5,323.4","4,966.4","5,602.7","5,948.7","6,618.7","7,146.8","7,471.2","7,828.8","8,516.5","8,728.5","9,803.9","11,471.2","13,147.4","14,405.6","15,084.4","15,925.5","16,598.1","17,363.4","18,363.7","18,798.6","19,646.8","20,523.9","21,038.3","21,352.3","21,186.4","21,212.4"
,Broad money liabilities (M3),"6,040.6","6,389.5","6,472.5","7,062.1","7,470.9","7,926.4","8,572.5","9,108.5","9,943.2","10,616.2","11,778.1","13,559.1","14,965.7","16,062.5","16,809.0","17,554.6","18,295.7","19,212.9","20,109.6","20,841.0","22,958.4","24,061.6","25,001.9","25,481.7","26,341.3","27,510.5"
,     Currency outside depository corporations,402.7,436.4,490.4,538.9,597.2,630.7,652.9,720.1,752.3,844.0,937.2,"1,036.0","1,136.3","1,188.9","1,200.3","1,251.0","1,336.0","1,437.6","1,504.4","1,590.8","1,812.7","2,069.5","2,110.6","2,240.8","2,388.8","2,557.8"
,     Transferable deposits,108.5,132.4,160.5,211.0,232.2,259.0,257.7,278.9,287.7,329.8,364.5,377.5,460.8,472.4,482.1,527.1,528.2,601.3,590.7,623.5,717.2,814.2,863.2,859.4,855.7,942.8
,     Other deposits,"5,225.8","5,496.5","5,653.5","6,284.9","6,592.0","6,946.3","7,458.0","7,582.9","8,283.1","8,726.8","9,486.4","10,570.3","13,001.7","14,227.9","14,834.8","15,579.5","16,219.9","16,987.0","17,908.5","18,538.2","20,388.3","21,131.6","21,982.1","22,323.3","23,023.8","23,948.3"
,     Securities other than shares,303.6,324.3,168.2,27.2,49.5,90.4,203.9,526.7,620.0,715.7,990.0,"1,575.2",366.8,173.3,291.7,197.1,211.7,187.0,106.0,88.4,40.3,46.3,46.0,58.3,73.0,61.6
,Liabilities excluded from broad money,717.3,438.9,"1,382.7","2,511.8","2,710.5","2,917.0","2,923.6","3,372.2","3,759.7","3,970.7","4,123.7","4,648.4","4,698.9","4,835.9","4,962.5","5,926.4","6,251.9","6,461.7","6,801.5","6,732.0","7,116.7","8,097.6","8,013.5","8,906.2","9,150.9","9,902.5"
,,,,,,,,,,,,,,,,,,,,,,,,,,,
,               Money Supply (M3) (% annual change),4.1,5.8,1.3,9.1,5.8,6.1,8.2,6.3,9.2,6.8,10.9,15.1,10.4,7.3,4.6,4.4,4.2,5.0,4.7,3.6,10.2,4.8,3.9,1.9,3.4,4.4
,               M3 (% of GDP at current market prices),119.1,119.5,112.2,111.8,107.4,104.1,102.0,100.4,102.4,109.9,109.0,119.9,121.1,124.4,127.0,127.7,125.4,124.0,122.8,123.4,146.6,148.7,143.9,141.6,141.0,145.0
,,,,,,,,,,,,,,,,,,,,,,,,,,,
,Deposit Money Banks,,,,,,,,,,,,,,,,,,,,,,,,,,
,     Demand deposits,117.5,135.7,158.2,210.9,253.7,296.6,293.1,315.5,314.2,373.8,407.0,423.3,516.7,531.0,579.9,641.4,615.1,686.2,659.9,708.1,820.2,987.1,"1,027.8","1,018.0","1,019.4","1,116.7"
,     Savings deposits,"1,354.6","1,625.3","1,798.8","2,260.5","2,589.5","2,682.4","2,376.0","2,656.6","2,773.0","3,329.6","3,806.1","4,056.2","4,840.3","5,134.9","5,734.3","6,387.9","6,855.6","7,431.0","7,878.5","8,072.8","10,039.3","11,095.8","11,537.9","10,784.7","10,794.3","11,513.1"
,     Time deposits,"3,411.5","3,317.6","3,231.4","2,955.2","2,822.2","3,183.9","3,851.0","3,520.1","3,954.9","3,320.6","3,184.8","3,414.4","4,741.7","5,384.2","5,540.3","5,116.8","4,962.7","4,945.0","5,053.2","5,364.1","4,682.3","4,115.3","4,331.9","5,226.6","5,569.0","5,184.0"
,     Domestic credits outstanding,"4,572.6","4,290.8","4,624.0","4,727.8","5,116.1","5,551.4","5,736.2","6,038.3","7,332.2","7,641.6","8,564.5","9,546.6","11,015.4","12,036.2","12,532.9","12,853.8","13,276.3","14,400.2","14,765.9","15,306.0","16,533.2","17,550.7","18,014.0","18,228.1","18,120.1","17,965.5"
,,,,,,,,,,,,,,,,,,,,,,,,,,,
,Interest Rates end-of-period (% per annum),,,,,,,,,,,,,,,,,,,,,,,,,,
,On deposits,,,,,,,,,,,,,,,,,,,,,,,,,,
,     Savingsw,2.5,1.8,1.5,0.8,0.8,1.9,2.5,0.8,0.8,0.5,0.5,0.9,0.7,0.6,0.8,0.5,0.5,0.5,0.5,0.5,0.3,0.3,0.4,0.4,0.2,0.2
,"     Time: 6 monthsw,x",3.0,2.4,1.8,1.0,1.0,2.8,4.1,2.1,1.8,0.7,1.4,2.5,2.1,2.0,1.5,1.3,1.3,1.3,1.3,1.2,0.5,0.5,0.7,1.2,1.1,0.8
,"               12 monthsw,y",3.5,2.9,2.0,1.0,1.0,3.0,4.5,2.3,1.9,0.8,1.6,2.9,2.4,2.3,1.7,1.4,1.4,1.4,1.4,1.3,0.5,0.5,1.0,1.7,1.5,0.9
,,,,,,,,,,,,,,,,,,,,,,,,,,,
,Finance,,,,,,,,,,,,,,,,,,,,,,,,,,
,"Yield on short-term treasury bills and lending interest rates (% per annum, period averages)",,,,,,,,,,,,,,,,,,,,,,,,,,
,     Yield on short-term treasury billsz,…,2.3,1.9,1.4,1.3,2.7,4.7,3.5,3.2,1.2,1.4,2.9,3.0,2.6,2.1,1.6,1.4,1.3,1.3,1.6,0.6,0.4,0.7,1.8,2.2,1.5
,     Lending interest rates,7.8,7.3,…,…,4.6,4.7,6.3,6.0,5.8,4.8,4.3,5.1,5.2,5.1,4.9,4.7,4.5,4.4,4.1,4.1,3.3,3.1,3.1,4.3,4.5,3.9
,,,,,,,,,,,,,,,,,,,,,,,,,,,
,"Domestic credit provided by financial sector, and bank nonperforming loans",,,,,,,,,,,,,,,,,,,,,,,,,,
,     Domestic credit provided by financial sectoraa (% of GDP),…,…,…,…,…,…,…,123.6,122.1,128.3,133.4,148.2,155.9,159.8,167.2,171.2,169.9,169.3,166.4,169.1,194.5,203.6,196.2,197.0,194.7,196.5
,     Bank nonperforming loansab (% of total gross loans),…,…,…,…,…,…,7.8,7.6,5.6,5.2,3.9,2.9,2.4,2.3,2.3,2.7,3.0,3.1,3.1,3.1,3.2,3.1,2.8,2.8,2.8,…
,,,,,,,,,,,,,,,,,,,,,,,,,,,
,Growth rates of stock  market price indexac (%),-18.7,-11.4,20.8,31.6,37.5,4.2,4.1,6.6,-10.3,-15.4,45.6,21.3,17.3,21.3,-0.2,0.2,-2.1,12.7,6.6,-4.7,-18.1,17.6,3.2,-6.1,-9.6,-11.0
,,,,,,,,,,,,,,,,,,,,,,,,,,,
,Stock market capitalization,,,,,,,,,,,,,,,,,,,,,,,,,,
,     Stock market capitalization ($ million),"29,217.4","35,943.2","45,504.4","119,017.2","115,390.4","123,885.0","140,161.3","197,129.4","103,128.2","176,956.1","277,731.7","268,488.8","389,756.3","354,367.0","430,426.6","348,798.0","432,956.2","548,795.4","500,741.0","569,228.3","543,164.6","598,908.3","604,355.0","519,600.2","519,672.0","512,379.7"
,     Stock market capitalization (% of GDP),23.1,29.9,33.9,78.2,66.7,65.4,63.2,75.0,35.4,62.8,81.4,72.4,98.0,84.3,105.7,86.9,104.7,120.3,98.8,104.6,108.6,118.3,121.9,100.5,98.2,88.8
,,,,,,,,,,,,,,,,,,,,,,,,,,,
,GOVERNMENT AND GOVERNANCE,,,,,,,,,,,,,,,,,,,,,,,,,,
,Government Finance fiscal year ending 30 September (B billion),,,,,,,,,,,,,,,,,,,,,,,,,,
,General Government,,,,,,,,,,,,,,,,,,,,,,,,,,
,     Revenue,…,…,"1,015","1,250","1,381","1,622","1,700","1,789","1,953","1,843","2,224","2,412","2,519 |","2,862","2,822","3,053","3,123","3,217","3,454","3,526","3,241","3,207","3,435","3,724","3,940","3,980*"
,          Taxes,…,…,847,998,"1,131","1,334","1,407","1,473","1,587","1,482","1,738","2,006","2,071 |","2,382","2,282","2,424","2,450","2,520","2,695","2,726","2,461","2,521","2,746","2,902","2,963","3,050*"
,"               Taxes on income, profits, and capital gains",…,…,279,333,408,492,577,615,713,638,683,853,863 |,943,882,895,894,894,975,"1,032",913,924,"1,064","1,121","1,131","1,150*"
,                    Payable by individuals,…,…,103,111,129,138,159,177,188,178,188,214,241 |,268,237,268,283,276,281,298,297,295,330,355,370,380*
,                    Payable by corporations and other enterprises,…,…,176,221,279,353,417,438,525,460,495,638,622 |,675,644,627,611,618,694,733,615,629,734,766,760,770*
,"                    Other taxes on income, profits, and capital gains",…,…,…,…,…,…,…,…,…,…,…,…,… |,–,–,–,–,–,–,–,–,–,–,–,–,–*
,               Taxes on payroll and workforce,…,…,…,…,…,…,…,…,…,…,…,…,… |,–,–,–,–,–,–,–,–,–,–,–,–,–*
,               Taxes on property,…,…,11,12,13,14,17,18,17,28,25,17,22 |,24,32,34,34,38,38,38,6,6,36,38,48,47*
,               Taxes on goods and services,…,…,455,536,596,699,704,738,748,725,924,"1,023","1,057 |","1,289","1,247","1,377","1,406","1,479","1,567","1,539","1,440","1,481","1,526","1,608","1,658","1,725*"
,               Taxes on international trade and transaction,…,…,97,113,107,111,98,92,97,77,93,99,116 |,110,106,100,98,91,94,98,84,93,100,116,107,109*
,               Other taxes,…,…,4,5,7,18,12,11,13,14,14,13,13 |,16,15,18,18,19,21,19,18,17,19,20,20,20*
,          Social contributions,…,…,30,46,62,73,74,80,85,83,132,98,103 |,103,128,145,146,153,162,172,151,107,120,163,190,180*
,          Grants,…,…,3,3,2,2,2,2,2,3,2,3,2 |,2,5,1,3,2,2,2,1,2,2,2,2,2*
,          Other revenue,…,…,135,204,186,212,218,234,279,276,351,305,343 |,375,406,483,524,541,594,627,627,578,567,656,784,748*
,     Expense,…,…,"1,142",916,"1,068","1,146","1,254","1,493","1,690","1,840","1,961","2,148","2,247 |","2,428","2,534","2,568","2,739","2,905","3,020","3,053","3,479","3,924","3,792","3,653","3,833","3,809*"
,          Compensation of employees,…,…,328,351,393,466,581,639,693,745,850,892,793 |,847,860,900,946,964,963,967,957,955,981,"1,012","1,032","1,087*"
,          Use of goods and services,…,…,259,297,293,323,343,487,553,650,737,666,709 |,753,812,851,888,917,"1,001",987,988,"1,071","1,196","1,018","1,041","1,123*"
,          Consumption of fixed capital,…,…,…,…,…,…,…,…,…,…,…,…,… |,103,95,110,126,186,162,176,182,210,230,240,265,278*
,          Interest,…,…,72,68,85,91,113,93,90,98,126,133,142 |,144,148,138,122,157,165,171,154,202,226,208,221,218*
,          Subsidies,…,…,44,46,68,89,27,34,70,42,45,169,163 |,170,197,152,133,135,133,152,179,169,165,299,213,128*
,          Grants,…,…,4,2,2,0,2,2,1,2,2,2,2 |,2,2,2,2,1,2,1,1,2,1,3,2,2*
,          Social benefits,…,…,83,88,143,102,123,182,199,236,122,120,250 |,271,284,306,364,389,420,455,505,542,619,624,638,666*
,          Other expense,…,…,352,64,85,40,30,17,42,20,23,100,117 |,138,137,107,157,154,174,144,512,774,374,249,421,307*
,     Net operating balance,…,…,-126,334,313,476,446,295,263,3,263,264,272 |,434,287,485,384,312,433,473,-238,-717,-358,71,107,171*
,     Gross operating balance,…,…,-126,334,313,476,446,295,263,3,263,264,272 |,536,383,595,510,498,595,649,-56,-507,-128,311,373,449*
,     Transactions in Nonfinancial Assets,,,,,,,,,,,,,,,,,,,,,,,,,,
,     Net/gross investment in nonfinancial assets,…,…,233,212,201,257,280,276,233,284,343,327,373 |,357,379,459,325,389,401,401,472,359,432,412,345,497*
,          Fixed assets,…,…,…,…,…,…,…,…,…,…,…,…,… |,399,379,460,554,390,401,463,509,475,432,412,345,538*
,          Inventories,…,…,…,…,…,…,…,…,…,…,…,…,… |,0,0,0,2,-1,-1,1,0,1,0,1,0,0*
,          Valuables,…,…,…,…,…,…,…,…,…,…,…,…,… |,–,–,–,–,–,–,–,–,–,–,–,–,–*
,          Nonproduced assets,…,…,…,…,…,…,…,…,…,…,…,…,… |,-42,0,0,-232,0,0,-63,-37,-116,0,0,0,-41*
,     Expenditure,…,…,"1,375","1,128","1,269","1,403","1,534","1,769","1,923","2,124","2,304","2,475","2,620 |","2,785","2,914","3,027","3,063","3,294","3,421","3,455","3,951","4,283","4,225","4,065","4,178","4,306*"
,     Net lending/Net borrowing,…,…,-359,122,112,219,166,19,31,-281,-80,-63,-101 |,77,-92,26,59,-77,33,72,-710,"-1,076",-790,-341,-238,-326*
,     Primary balance,…,…,-288,190,197,310,279,113,121,-184,46,70,41 |,221,56,164,181,80,198,243,-556,-874,-564,-134,-17,-108*
,     Transactions in Financial Assets and Liabilities (Financing),,,,,,,,,,,,,,,,,,,,,,,,,,
,     Net acquisition of financial assets,…,…,32,140,319,255,352,162,93,193,172,277,262 |,316,68,172,447,383,406,222,264,171,-36,35,269,479*
,          Domestic,…,…,…,…,…,…,…,…,…,…,…,…,… |,316,68,172,447,383,406,222,264,171,-36,35,269,479*
,          External,…,…,…,…,…,…,…,…,…,…,…,…,… |,–,–,–,–,–,–,–,–,–,–,–,–,–*
,     Net incurrence of liabilities,…,…,391,18,207,36,186,143,63,474,252,340,363 |,259,192,167,361,403,439,122,953,"1,385",815,533,561,716*
,          Domestic,…,…,…,…,…,…,…,…,…,…,…,…,… |,116,152,198,318,297,358,90,"1,031","1,190",753,604,587,784*
,          External,…,…,…,…,…,…,…,…,…,…,…,…,… |,143,40,-32,43,106,81,32,-78,195,62,-71,-26,-69*
,,,,,,,,,,,,,,,,,,,,,,,,,,,
,               Government Finance (% of GDP at current market prices),,,,,,,,,,,,,,,,,,,,,,,,,,
,               Revenue,…,…,17.6,19.8,19.9,21.3,20.2,19.7,20.1,19.1,20.6,21.3,20.4 |,22.2,21.3,22.2,21.4,20.8,21.1,20.9,20.7,19.8,19.8,20.8,21.2,21.0*
,               Taxes,…,…,14.7,15.8,16.3,17.5,16.7,16.2,16.3,15.3,16.1,17.7,16.8 |,18.4,17.3,17.6,16.8,16.3,16.5,16.1,15.7,15.6,15.8,16.2,16.0,16.1*
,               Taxes payable by individuals,…,…,1.8,1.8,1.9,1.8,1.9,2.0,1.9,1.8,1.7,1.9,2.0 |,2.1,1.8,2.0,1.9,1.8,1.7,1.8,1.9,1.8,1.9,2.0,2.0,2.0*
,               Taxes payable by corporations and other enterprises,…,…,3.1,3.5,4.0,4.6,5.0,4.8,5.4,4.8,4.6,5.6,5.0 |,5.2,4.9,4.6,4.2,4.0,4.2,4.3,3.9,3.9,4.2,4.3,4.1,4.1*
,               Expenditure,…,…,23.8,17.9,18.3,18.4,18.3,19.5,19.8,22.0,21.3,21.9,21.2 |,21.6,22.0,22.0,21.0,21.3,20.9,20.5,25.2,26.5,24.3,22.7,22.5,22.7*
,               Net lending/Net borrowing,…,…,-6.2,1.9,1.6,2.9,2.0,0.2,0.3,-2.9,-0.7,-0.6,-0.8 |,0.6,-0.7,0.2,0.4,-0.5,0.2,0.4,-4.5,-6.7,-4.5,-1.9,-1.3,-1.7*
,               Primary balance,…,…,-5.0,3.0,2.8,4.1,3.3,1.2,1.2,-1.9,0.4,0.6,0.3 |,1.7,0.4,1.2,1.2,0.5,1.2,1.4,-3.5,-5.4,-3.2,-0.7,-0.1,-0.6*
,,,,,,,,,,,,,,,,,,,,,,,,,,,
,"Expenditure by Function, General Government",,,,,,,,,,,,,,,,,,,,,,,,,,
,     Total expenditure,…,…,"1,375","1,128","1,269","1,403","1,534","1,769","1,923","2,124","2,304","2,541","2,620 |","2,785","2,914","3,027","3,063","3,294","3,421","3,455","3,951","4,283","4,225","4,065","4,178","4,306*"
,          General public services,…,…,…,…,…,…,…,…,…,…,…,…,… |,998,"1,058","1,019","1,107","1,108","1,099","1,127","1,231","1,424","1,259","1,282","1,333","1,529*"
,          Defense,…,…,…,…,…,…,…,…,…,…,…,…,… |,182,176,190,210,204,203,211,219,205,200,189,184,194*
,          Public order and safety,…,…,…,…,…,…,…,…,…,…,…,…,… |,142,148,172,180,177,190,199,209,205,203,200,202,215*
,          Economic affairs,…,…,…,…,…,…,…,…,…,…,…,…,… |,418,474,514,339,537,570,561,577,680,793,761,745,605*
,          Environmental protection,…,…,…,…,…,…,…,…,…,…,…,…,… |,3,3,4,5,5,7,9,10,15,10,7,10,13*
,          Housing and community amenities,…,…,…,…,…,…,…,…,…,…,…,…,… |,73,57,73,81,73,93,53,51,54,53,55,54,64*
,          Health,…,…,…,…,…,…,…,…,…,…,…,…,… |,137,140,156,167,185,202,219,223,290,333,305,310,327*
,"          Recreation, culture, and religion",…,…,…,…,…,…,…,…,…,…,…,…,… |,29,27,37,38,47,95,58,61,59,55,61,63,67*
,          Education,…,…,…,…,…,…,…,…,…,…,…,…,… |,476,493,517,531,520,500,501,486,509,470,473,480,491*
,          Social protection,…,…,…,…,…,…,…,…,…,…,…,…,… |,328,337,345,405,438,462,517,884,843,847,732,798,803*
,,,,,,,,,,,,,,,,,,,,,,,,,,,
,               Expenditure by Function (% of GDP at current market prices),,,,,,,,,,,,,,,,,,,,,,,,,,
,               Education,…,…,…,…,…,…,…,…,…,…,…,…,… |,3.7,3.7,3.8,3.6,3.4,3.1,3.0,3.1,3.1,2.7,2.6,2.6,2.6*
,               Health,…,…,…,…,…,…,…,…,…,…,…,…,… |,1.1,1.1,1.1,1.1,1.2,1.2,1.3,1.4,1.8,1.9,1.7,1.7,1.7*
,               Social protection,…,…,…,…,…,…,…,…,…,…,…,…,… |,2.5,2.5,2.5,2.8,2.8,2.8,3.1,5.6,5.2,4.9,4.1,4.3,4.2*
,,,,,,,,,,,,,,,,,,,,,,,,,,,
,Governance,,,,,,,,,,,,,,,,,,,,,,,,,,
,Corruption Perceptions Index,,,,,,,,,,,,,,,,,,,,,,,,,,
,     Corruption perception index scoresad,3.2,3.2,3.2,3.3,3.6,3.8,3.6,3.3,3.5,3.4,3.5,3.4 |,37.0,35.0,38.0,38.0,35.0,37.0,36.0,36.0,36.0,35.0,36.0,35.0,34.0,33.0
,"     Corruption perception index rankad,ae",60,61,64,70,64,59,63,84,80,84,87,80 |,88,102,85,76,101,96,99,101,104,110,101,108,107,116
,,,,,,,,,,,,,,,,,,,,,,,,,,,
,Operational Efficiency of Business Entry,,,,,,,,,,,,,,,,,,,,,,,,,,
,     Overall Score,…,…,…,…,…,…,…,…,…,…,…,…,…,…,…,…,…,…,…,…,…,…,…,…,…,…
,     Domestic Firms,,,,,,,,,,,,,,,,,,,,,,,,,,
,     Overall score,…,…,…,…,…,…,…,…,…,…,…,…,…,…,…,…,…,…,…,…,…,…,…,…,…,…
,     Total time to register a new domestic firm,…,…,…,…,…,…,…,…,…,…,…,…,…,…,…,…,…,…,…,…,…,…,…,…,…,…
,     Total cost to register a new domestic firm,…,…,…,…,…,…,…,…,…,…,…,…,…,…,…,…,…,…,…,…,…,…,…,…,…,…
,     Foreign Firms,,,,,,,,,,,,,,,,,,,,,,,,,,
,     Overall score,…,…,…,…,…,…,…,…,…,…,…,…,…,…,…,…,…,…,…,…,…,…,…,…,…,…
,     Total time to register a new foreign firm,…,…,…,…,…,…,…,…,…,…,…,…,…,…,…,…,…,…,…,…,…,…,…,…,…,…
,     Total cost to register a new foreign firm,…,…,…,…,…,…,…,…,…,…,…,…,…,…,…,…,…,…,…,…,…,…,…,…,…,…
,,,,,,,,,,,,,,,,,,,,,,,,,,,
,GLOBALIZATION,,,,,,,,,,,,,,,,,,,,,,,,,,
,External Trade calendar year (B billion),,,,,,,,,,,,,,,,,,,,,,,,,,
,"Exports, fob","2,731","2,803","2,838","3,233","3,823","4,407","4,838","5,212","5,831","5,190","6,100","6,745","7,076","6,991","7,360","7,308","7,533","7,921","8,115","7,535","7,099","8,665","9,990","9,778","10,483","11,008*"
,"Imports, cif","2,266","2,430","2,445","2,770","3,390","4,264","4,324","4,295","5,256","4,117","5,259","6,376","7,073","6,977","6,801","6,407","6,271","6,816","7,394","6,708","5,832","7,644","9,524","9,101","9,733","10,241*"
,     Trade balance,465,373,393,463,433,142,514,917,576,"1,073",840,369,2,13,559,901,"1,263","1,105",720,827,"1,267","1,021",465,677,750,767*
,,,,,,,,,,,,,,,,,,,,,,,,,,,
,               External Trade (% annual change),,,,,,,,,,,,,,,,,,,,,,,,,,
,               Exports,27.0,2.6,1.3,13.9,18.2,15.3,9.8,7.7,11.9,-11.0,17.5,10.6,4.9,-1.2,5.3,-0.7,3.1,5.1,2.5,-7.1,-5.8,22.1,15.3,-2.1,7.2,5.0*
,               Imports,39.7,7.2,0.6,13.3,22.4,25.8,1.4,-0.7,22.4,-21.7,27.7,21.2,10.9,-1.4,-2.5,-5.8,-2.1,8.7,8.5,-9.3,-13.1,31.1,24.6,-4.4,7.0,5.2*
,,,,,,,,,,,,,,,,,,,,,,,,,,,
,Merchandise exports ($ million),"68,083.3","63,074.7","66,053.5","77,935.3","95,041.6","109,563.9","127,718.8","150,998.9","175,037.8","151,372.5","192,511.4","221,197.4","227,641.6","227,517.6","226,615.2","213,397.0","213,431.3","233,375.6","251,154.5","242,685.9","226,860.5","270,976.9","284,917.8","280,948.4","297,030.5","334,769.5*"
,Merchandise imports ($ million),"56,481.5","54,679.3","56,905.7","66,764.7","84,284.3","106,027.4","114,146.7","124,439.2","157,761.2","120,083.1","165,988.4","209,110.8","227,563.9","227,079.3","209,391.7","187,079.0","177,662.2","200,819.6","228,857.1","216,051.6","186,371.7","239,053.8","271,650.4","261,503.4","275,785.9","311,444.7*"
,,,,,,,,,,,,,,,,,,,,,,,,,,,
,International Trade in Goods (by partner country/economy) calendar year ($ million),,,,,,,,,,,,,,,,,,,,,,,,,,
,"Exports, total","68,963","65,113","68,850","80,322","96,218","110,162","130,561","153,856","175,894","151,901","193,359","220,203","227,355","224,437","224,695","210,685","213,762","235,925","250,607","245,370","229,256","266,292","283,863","281,518","298,775","338,602"
,     1. United States,"14,706","13,246","13,522","13,669","15,492","16,950","19,626","19,449","20,096","16,630","20,243","21,585","22,646","22,587","23,643","23,682","24,334","26,519","27,809","31,289","34,103","41,080","47,034","48,378","54,736","72,333"
,"     2. China, People's Republic of","2,806","2,863","3,553","5,707","7,098","9,105","11,810","14,844","16,029","16,072","21,479","25,969","26,702","26,806","24,825","23,356","23,625","29,447","30,072","29,083","29,601","36,584","34,052","33,808","35,073","39,586"
,     3. Japan,"10,164","9,964","10,000","11,395","13,452","14,979","16,492","18,122","19,879","15,669","20,317","23,613","23,299","21,875","21,479","19,743","20,353","22,023","24,740","24,470","22,619","24,583","24,402","24,425","23,175","23,525"
,     4. Malaysia,"2,813","2,722","2,835","3,887","5,295","5,781","6,656","7,820","9,781","7,640","10,569","12,265","12,351","12,803","12,631","10,027","9,564","10,323","11,553","10,334","8,669","11,864","12,533","11,769","12,282","13,378"
,     5. Viet Nam,838,797,947,"1,267","1,873","2,348","3,094","3,803","4,968","4,666","5,846","6,986","6,443","7,065","7,801","8,765","9,357","11,561","12,858","12,081","11,076","12,330","13,122","11,088","11,720","12,759"
,     6. Australia,"1,615","1,358","1,640","2,167","2,460","3,151","4,379","5,938","7,896","8,544","9,372","7,917","9,710","10,179","9,201","9,616","10,246","10,484","10,689","10,208","9,750","10,722","11,072","11,997","12,266","12,388"
,     7. India,566,482,413,641,910,"1,520","1,822","2,663","3,308","3,215","4,395","5,128","5,440","5,101","5,552","5,212","5,121","6,464","7,569","7,323","5,446","8,399","10,412","10,013","11,710","16,453"
,"     8. Hong Kong, China","3,474","3,298","3,699","4,331","4,924","6,123","7,214","8,695","9,950","9,449","11,257","11,827","13,041","12,982","12,481","11,650","11,402","12,277","12,434","11,697","11,187","11,397","9,977","10,951","10,799","11,165"
,     9. Singapore,"5,997","5,287","5,554","5,873","7,009","7,641","8,411","9,610","9,999","7,552","9,003","11,301","10,763","11,056","10,338","8,614","8,183","8,275","9,227","8,862","9,419","8,863","10,149","10,148","10,308","11,932"
,     10. Indonesia,"1,338","1,366","1,678","2,274","3,207","3,953","3,336","4,819","6,259","4,654","7,347","9,971","11,142","10,702","9,409","7,705","8,126","8,827","10,162","9,086","7,535","8,718","10,227","9,948","9,423","9,477"
,,,,,,,,,,,,,,,,,,,,,,,,,,,
,"Imports, total","61,923","62,057","64,721","75,824","94,407","118,143","130,605","141,294","179,168","134,734","185,121","229,092","250,453","249,577","227,895","201,790","195,103","223,707","249,373","238,924","207,092","266,713","301,411","289,238","308,871","352,501"
,"     1. China, People's Republic of","3,377","3,711","4,928","6,067","8,182","11,153","13,801","16,381","20,149","17,162","24,526","30,553","37,327","37,595","38,528","40,902","42,247","44,701","50,158","50,865","50,160","66,375","70,951","71,078","81,179","109,176"
,     2. Japan,"15,315","13,881","14,902","18,267","22,379","26,026","26,034","28,655","33,535","25,210","38,320","42,268","49,030","40,979","35,551","31,126","30,841","32,386","35,433","33,586","27,824","35,580","34,542","31,253","28,925","30,042"
,     3. United States,"7,291","7,198","6,197","7,185","7,270","8,724","9,782","9,641","11,501","8,502","10,885","13,501","12,590","14,583","14,598","13,815","12,104","14,957","15,053","17,524","14,833","14,379","17,775","19,355","19,691","21,562"
,"     4. Taipei,China","2,895","2,599","2,905","3,229","3,977","4,501","5,175","5,788","6,217","4,835","6,898","7,519","8,262","7,572","7,545","7,502","7,157","8,227","8,679","8,174","8,288","10,482","11,849","16,669","20,791","27,023"
,     5. United Arab Emirates,"1,766","1,529","1,428","2,039","3,711","5,699","7,219","6,898","11,160","6,720","8,886","14,498","15,753","17,366","12,724","8,134","6,011","7,474","10,473","7,452","5,280","9,494","17,046","15,797","17,181","17,706"
,     6. Malaysia,"3,344","3,078","3,640","4,540","5,549","8,092","8,599","8,702","9,726","8,642","10,857","12,352","13,190","13,238","12,760","11,872","10,847","11,703","13,306","12,915","10,203","11,984","14,413","13,162","13,822","15,012"
,"     7. Korea, Republic of","2,165","2,121","2,527","2,919","3,590","3,888","5,198","5,338","6,857","5,461","8,167","9,234","9,058","9,043","8,560","7,013","7,323","8,081","8,922","8,761","7,709","9,893","10,147","8,698","9,411","9,864"
,     8. Indonesia,"1,299","1,364","1,559","1,771","2,323","3,130","3,484","4,025","5,420","3,832","5,759","7,403","8,145","8,066","7,290","6,536","6,361","7,380","7,995","7,300","5,815","8,101","9,632","8,296","8,834","10,612"
,     9. Viet Nam,331,327,240,337,439,890,909,"1,122","1,448","1,399","1,414","2,035","3,003","3,269","3,941","4,033","4,438","5,006","5,729","5,506","5,465","6,922","7,951","7,764","9,205","10,986"
,     10. Singapore,"3,416","2,854","2,904","3,270","4,153","5,375","5,760","6,342","7,104","5,761","6,368","7,803","7,883","8,180","7,894","7,141","6,546","7,972","7,723","7,667","7,516","7,343","8,212","8,149","7,450","7,731"
,,,,,,,,,,,,,,,,,,,,,,,,,,,
,Balance of Payments calendar year ($ million),,,,,,,,,,,,,,,,,,,,,,,,,,
,Current account,"9,328","5,114","4,685","4,784","2,767","-7,642","2,315","15,584",931,"22,189","11,486","9,427","-4,899","-8,833","11,643","27,753","43,438","43,952","28,479","38,342","20,732","-10,839","-16,996","8,479","11,619*","15,942*"
,     Balance on goods,"5,466","2,494","2,739","3,759","1,460","3,402","13,670","26,640","17,348","31,202","26,678","12,186",30,40,"17,216","26,116","35,776","32,581","22,388","26,725","40,402","31,945","13,543","19,190","21,359*","23,339*"
,          Exports,"67,889","63,070","66,092","78,105","94,941","109,362","127,941","151,258","175,233","151,764","192,903","221,399","227,655","227,455","226,638","213,364","213,488","233,688","251,108","242,701","226,984","270,564","285,162","280,746","297,270*","335,061*"
,          Imports,"62,423","60,576","63,353","74,346","93,481","105,960","114,272","124,618","157,885","120,562","166,225","209,213","227,625","227,416","209,422","187,248","177,711","201,107","228,720","215,976","186,582","238,620","271,619","261,556","275,911*","311,722*"
,     Balance on services,"4,650","4,475","5,007","5,062","5,294","-6,873","-8,002","-7,957","-12,897","-4,225","-6,993","-4,553",850,"7,401","6,693","15,564","20,275","24,296","22,535","24,323","-15,345","-33,323","-24,044","-7,856","-2,047*","-1,009*"
,          Credit,"13,869","13,024","15,391","15,801","19,050","19,925","24,612","30,114","33,125","30,204","34,340","41,545","46,521","54,804","51,940","58,082","63,786","70,964","77,474","81,178","30,122","24,626","38,778","57,779","71,918*","76,185*"
,          Debit,"9,219","8,549","10,384","10,739","13,756","26,798","32,614","38,071","46,021","34,430","41,333","46,097","45,671","47,403","45,247","42,518","43,511","46,668","54,939","56,855","45,466","57,949","62,822","65,635","73,965*","77,193*"
,     Balance on primary income,"-1,373","-2,454","-3,664","-4,978","-6,121","-8,371","-8,046","-8,693","-10,194","-9,927","-14,314","-9,140","-18,241","-26,901","-20,994","-20,622","-19,427","-20,462","-24,458","-18,880","-9,842","-16,615","-15,311","-12,776","-16,814*","-15,808*"
,          Credit,"4,234","3,919","3,419","3,152","3,247","2,453","3,333","5,599","4,988","4,334","5,663","6,645","8,057","6,530","7,359","4,896","6,463","8,529","8,730","10,740","11,892","14,450","15,279","16,025","14,657*","17,287*"
,          Debit,"5,607","6,373","7,083","8,130","9,368","10,824","11,379","14,292","15,182","14,261","19,978","15,785","26,299","33,431","28,353","25,518","25,891","28,991","33,188","29,619","21,733","31,064","30,590","28,801","31,471*","33,094*"
,     Balance on secondary income,585,599,603,941,"2,134","4,200","4,693","5,594","6,674","5,139","6,116","10,934","12,462","10,627","8,728","6,695","6,814","7,537","8,015","6,175","5,517","7,154","8,816","9,921","9,121*","9,420*"
,          Credit,951,987,980,"1,326","2,483","4,778","5,321","6,279","7,502","7,998","8,812","13,692","15,563","14,180","12,373","10,475","10,585","11,161","11,799","13,385","11,131","12,559","14,229","15,963","15,961*","18,460*"
,          Debit,366,388,377,385,349,578,628,686,828,"2,859","2,696","2,758","3,101","3,554","3,645","3,780","3,771","3,624","3,784","7,211","5,614","5,405","5,413","6,042","6,840*","9,041*"
,Capital account,–,–,…,…,…,–,–,–,–,68,245,-41,234,281,100,0,13,-112,-610,4,43,-19,561,"1,995",757*,907*
,     Credit,…,…,…,…,…,…,…,…,…,68,245,65,234,281,100,0,13,29,0,4,43,2,574,"2,199","1,568*","1,630*"
,     Debit,…,…,…,…,…,…,…,…,…,–,–,105,–,–,–,–,–,141,611,–,–,21,13,204,811*,724*
,Financial account,"-10,261","-3,474","-1,845","-4,759","3,628","7,857","7,389",-183,"17,289","1,386","23,573","-8,269","12,790","-2,488","-15,955","-16,799","-20,195","-10,472","-12,299","-16,494","-12,608","-4,941","7,328","-13,174","-7,308*","-12,639*"
,     Direct investment,"3,371","4,631","3,164","4,614","5,786","7,664","7,877","7,087","6,222",415,"6,615","-4,702","-1,362","3,814",-766,"3,937","-9,906","-5,897","-3,380","-4,629","-22,746","-3,933","4,215","-3,355","6,947*","9,507*"
,     Portfolio investment,-712,-881,"-1,606",-73,"3,071","6,494","4,912","-3,910",159,-429,"4,870","6,163","3,398","-4,766","-12,013","-16,508","-2,798","-2,152","-5,760","-8,798","-11,948","-11,966","5,780","-14,131","-20,103*","-36,449*"
,     Financial derivatives,,,,,,-529,-894,-179,-174,174,130,-610,539,-341,966,903,303,118,134,822,-410,"-1,156",254,-70,837*,535*
,     Other investmentaf,"-12,920","-7,224","-3,403","-9,300","-5,229","-5,772","-4,507","-3,181","11,082","1,226","11,957","-9,120","10,214","-1,195","-4,141","-5,131","-7,794","-2,541","-3,292","-3,889","22,496","12,114","-2,921","4,383","5,010*","13,768*"
,Net errors and omissions,-684,-323,"1,394",118,-660,"5,207","3,038","1,702","6,473",484,"-3,979",97,"-2,860","5,991","3,001","-5,095","-10,412","-7,412","-8,304","-8,269","10,186","8,702","-1,125","5,259","7,336*","14,200*"
,Overall balance,"-1,617","1,317","4,234",143,"5,735","5,422","12,742","17,102","24,693","24,127","31,324","1,214","5,265","-5,049","-1,210","5,859","12,845","25,957","7,266","13,583","18,353","-7,097","-10,232","2,560","12,404*","18,411*"
,Reserves and related items,"-1,617","1,317","4,234",143,"5,735","5,422","12,742","17,102","24,693","24,127","31,324","1,214","5,265","-5,049","-1,210","5,859","12,845","25,957","7,266","13,583","18,353","-7,097","-10,232","2,560","12,404*","18,411*"
,International investment position,"-58,883","-50,702","-44,517","-54,579","-50,966","-53,835","-55,153","-55,069","-13,417","-4,678","-41,869","-41,112","-81,073","-69,645","-97,279","-42,727","-33,115","-48,904","-24,966","-23,449","43,549","36,086","-28,843","27,766","44,891*","91,861*"
,,,,,,,,,,,,,,,,,,,,,,,,,,,
,               Balance of Payments (% of GDP at current market prices),,,,,,,,,,,,,,,,,,,,,,,,,,
,               Exports,53.7,52.4,49.2,51.3,54.9,57.8,57.7,57.5,60.1,53.9,56.6,59.7,57.3,54.1,55.6,53.2,51.6,51.2,49.6,44.6,45.4,53.5,57.5,54.4,56.4*,58.1*
,               Imports,49.4,50.4,47.2,48.8,54.1,56.0,51.5,47.4,54.2,42.8,48.7,56.4,57.3,54.1,51.4,46.7,43.0,44.1,45.1,39.7,37.3,47.1,54.8,50.7,52.8*,54.0*
,               Balance on goods,4.3,2.1,2.0,2.5,0.8,1.8,6.2,10.1,6.0,11.1,7.8,3.3,0.0,0.0,4.2,6.5,8.7,7.1,4.4,4.9,8.1,6.3,2.7,3.8,3.7*,4.0*
,               Balance on services,3.7,3.7,3.7,3.3,3.1,-3.6,-3.6,-3.0,-4.4,-1.5,-2.1,-1.2,0.2,1.8,1.6,3.9,4.9,5.3,4.4,4.5,-2.9,-6.4,-4.8,-1.7,-0.3*,-0.2*
,               Current account balance,7.4,4.3,3.5,3.1,1.6,-4.0,1.0,5.9,0.3,7.9,3.4,2.5,-1.2,-2.1,2.9,6.9,10.5,9.6,5.6,7.0,4.2,-2.1,-3.5,1.4,2.1*,2.8*
,               Overall balance,-1.3,1.1,3.2,0.1,3.3,2.9,5.7,6.5,8.5,8.6,9.2,0.3,1.3,-1.2,-0.3,1.5,3.1,5.7,1.4,2.5,3.7,-1.4,-2.1,0.5,2.4*,3.2*
,,,,,,,,,,,,,,,,,,,,,,,,,,,
,Total Remittances,,,,,,,,,,,,,,,,,,,,,,,,,,
,"Total remittances, inflows—dollar amounts ($ million)","1,696.8","1,252.4","1,380.0","1,607.4","1,621.9","1,187.0","1,333.4","1,634.9","1,898.4","3,808.0","4,433.2","5,255.6","5,656.8","6,584.9","6,524.1","5,894.7","6,270.0","6,720.1","7,466.1","7,784.6","7,873.4","8,679.5","8,948.7","9,692.0","9,456.2","12,050.3"
,"Total remittances, inflows—proportion of economic activity (% of GDP)",1.3,1.0,1.0,1.1,0.9,0.6,0.6,0.6,0.7,1.4,1.3,1.4,1.4,1.6,1.6,1.5,1.5,1.5,1.5,1.4,1.6,1.7,1.8,1.9,1.8,2.1
,,,,,,,,,,,,,,,,,,,,,,,,,,,
,Foreign Direct Investment,,,,,,,,,,,,,,,,,,,,,,,,,,
,"Foreign direct investment, net inflows—dollar amountsag ($ million)","3,366.0","5,067.2","3,341.6","5,232.3","5,860.3","8,215.6","8,917.5","8,633.9","8,561.6","6,411.5","14,746.7","2,473.7","12,899.0","15,936.0","4,975.5","8,927.6","3,486.2","8,285.2","13,747.2","5,534.1","-4,293.9","15,389.6","11,854.8","10,327.6","14,302.2","18,840.8"
,"Foreign direct investment, net inflows—proportion of economic activity (% of GDP)",2.7,4.2,2.5,3.4,3.4,4.3,4.0,3.3,2.9,2.3,4.3,0.7,3.2,3.8,1.2,2.2,0.8,1.8,2.7,1.0,-0.9,3.0,2.4,2.0,2.7,3.3
,,,,,,,,,,,,,,,,,,,,,,,,,,,
,Capital Flows,,,,,,,,,,,,,,,,,,,,,,,,,,
,Net official development assistance from all sources to developing economies ($ million),700.7,284.4,297.8,-938.6,51.9,-164.6,-214.2,-307.2,-615.5,-31.0,-20.9,-134.1,-131.4,28.8,354.5,58.7,227.8,250.2,-419.3,-350.7,199.5,133.8,555.4,87.1,20.3,…
,Net other official flows from all sources to developing economiesah ($ million),"-2,112.2","-1,059.6","-3,559.5","-5,448.5","-1,598.1","1,629.6",939.8,-679.4,"-1,358.1",37.3,-71.5,287.2,"1,474.9","2,454.4",-349.0,138.7,-39.3,"-1,051.6",-614.0,718.6,211.7,915.6,27.8,-986.4,-330.4,…
,Net private flows from all sources to developing economiesai ($ million),31.9,"2,967.7",211.7,-250.9,"2,558.7","10,944.2","2,095.5","5,877.6","3,010.6","4,011.4","6,393.8","10,240.7","5,356.4","6,096.3","10,075.6","-2,360.9","2,762.4","1,497.3","6,647.1","7,475.6","2,657.1","3,435.7","6,401.4","1,652.1","7,295.8",…
,Aggregate net resource flows from all sources to developing economiesaj ($ million),"-1,379.6","2,192.4","-3,050.0","-6,637.9","1,012.4","12,409.3","2,821.1","4,891.0","1,037.0","4,017.7","6,301.4","10,393.8","6,699.9","8,579.4","10,081.1","-2,163.5","2,950.9",696.0,"5,613.9","7,843.5","3,068.4","4,485.2","6,984.6",752.8,"6,986.9",…
,,,,,,,,,,,,,,,,,,,,,,,,,,,
,Tourism,,,,,,,,,,,,,,,,,,,,,,,,,,
,International tourist arrivalsak ('000),"9,579.0","10,133.0","10,873.0","10,082.0","11,737.0","11,567.0","13,822.0","14,464.0","14,584.0","14,150.0","15,936.0","19,230.0","22,354.0","26,547.0","24,810.0","29,923.0","32,530.0","35,592.0","38,178.0","39,916.0","6,725.0",511.0,"11,065.0","28,150.0","35,546.0","32,974.0*"
,International tourism receipts ($ million),"7,483.0","7,075.0","7,901.0","7,856.0","10,043.0","9,576.0","13,401.0","16,669.0","18,173.0","16,056.0","20,104.0","27,184.0","30,654.0","37,807.0","34,822.0","41,246.0","44,786.0","52,376.0","56,366.0","59,810.0","12,527.0","4,353.0","14,702.0","30,650.0","42,276.0","44,773.0*"
,,,,,,,,,,,,,,,,,,,,,,,,,,,
,TRANSPORT AND COMMUNICATION,,,,,,,,,,,,,,,,,,,,,,,,,,
,Transport,,,,,,,,,,,,,,,,,,,,,,,,,,
,"Road Indicators—Total Network, Passenger Kilometers Travel, Freight Kilometers Travel",,,,,,,,,,,,,,,,,,,,,,,,,,
,"Road indicators network, total (km)",…,…,…,…,…,…,…,…,…,…,…,…,…,…,…,…,…,…,…,"701,847","702,210","702,577","702,989","703,654","706,345","707,335"
,Road passenger travel (p-km million),…,…,…,…,…,…,…,"438,060.0","437,899.0","452,172.0","452,040.0","510,514.0","558,196.0","690,882.0","643,164.0","663,561.0","696,062.0","695,426.0","715,798.0","735,051.0",…,…,…,…,…,…
,Road freight kilometers travel (t-km million),…,…,…,…,"177,902.0","176,751.0","184,006.4","186,174.3","181,452.0","183,430.0","185,884.0","184,083.0","187,584.0","183,949.0","187,330.0","193,911.4","189,109.6","191,612.8","192,075.0","190,987.2","187,728.0","180,442.0","181,954.0","169,349.0","188,693.0","185,376.0"
,Road indicators—registered vehicles,"20,690,320.0","22,462,662.0","24,394,466.0","27,213,057.0","20,500,523.0","25,170,771.0","24,715,255.0","25,518,087.0","25,940,158.0","27,010,869.0","28,263,065.0","29,908,827.0","32,139,885.0","35,103,335.0","35,385,418.0","36,240,902.0","38,618,297.0","37,786,347.0","39,006,652.0","40,145,613.0","40,889,852.0","41,706,531.0","42,755,903.0","43,705,286.0","44,240,391.0",…
,Road Indicators—Safety,,,,,,,,,,,,,,,,,,,,,,,,,,
,     Estimated Road Traffic Deaths,,,,,,,,,,,,,,,,,,,,,,,,,,
,     Total,…,…,…,…,…,…,…,…,…,…,…,…,…,…,…,…,"22,491.0",…,…,…,…,"18,218.0",…,…,…,…
,"     Death rate (per 100,000 people)",…,…,…,…,…,…,…,…,…,…,…,…,…,…,…,…,32.7,…,…,…,…,25.4,…,…,…,…
,     Road user deaths (%),,,,,,,,,,,,,,,,,,,,,,,,,,
,     Four-wheeled vehicles,…,…,…,…,…,…,…,…,…,…,…,…,…,…,…,…,12.3,…,…,…,…,–,…,…,…,…
,     Two- and three-wheeled vehicles,…,…,…,…,…,…,…,…,…,…,…,…,…,…,…,…,74.4,…,…,…,…,51.0,…,…,…,…
,     Cyclists,…,…,…,…,…,…,…,…,…,…,…,…,…,…,…,…,3.5,…,…,…,…,–,…,…,…,…
,     Pedestrians,…,…,…,…,…,…,…,…,…,…,…,…,…,…,…,…,7.6,…,…,…,…,2.0,…,…,…,…
,     Others,…,…,…,…,…,…,…,…,…,…,…,…,…,…,…,…,2.3,…,…,…,…,46.0,…,…,…,…
,"Rail Indicators—Total Route, Length per Land Area",,,,,,,,,,,,,,,,,,,,,,,,,,
,"     Rail lines, total route (km)",…,…,…,…,…,…,…,…,…,"4,507.9","4,507.9","4,507.9","4,507.9","4,507.9","4,507.9","4,507.9","4,507.9","4,507.9","4,507.9","4,507.9","4,801.3","5,012.9","5,032.8","5,101.8","5,611.7","5,596.8"
,"     Rail network, length per land area (km per km² '000)",…,…,…,…,…,…,…,…,…,8.8,8.8,8.8,8.8,8.8,8.8,8.8,8.8,8.8,8.8,8.8,9.4,9.8,9.9,10.0,11.0,11.0
,Railways—Passengers Carried and Goods Transported,,,,,,,,,,,,,,,,,,,,,,,,,,
,     Passengers carried (p-km million),"9,935.2","10,321.1","10,378.0","10,250.7","9,332.1","9,052.1","8,824.2","8,037.8","8,224.7","8,813.6","8,246.0","8,032.2","7,139.1","7,028.6","6,473.1","6,133.4","6,106.9","6,520.5","5,906.5","5,993.4","3,764.3","2,051.2","2,876.6","4,802.4","5,566.2",…
,     Goods transported (t-km million),…,…,…,…,…,…,…,…,…,…,…,…,…,…,"2,294.9","2,545.3","2,646.6","2,846.1","2,769.1","2,623.6","2,813.8","2,673.0","2,785.2","2,977.9","2,273.7",…
,Air Transport,,,,,,,,,,,,,,,,,,,,,,,,,,
,     Aviation total passenger kilometers (p-km million),…,…,…,…,…,…,…,…,…,…,…,…,…,…,…,…,…,…,…,…,…,…,…,…,…,…
,     Aviation freight transport (t-km million),…,…,…,…,"30,998.0","34,795.0","40,537.0","27,281.0","19,071.0","22,388.0","29,309.0","35,903.0","34,634.0","23,764.0","25,337.0","27,221.0","31,992.0","36,023.0","34,790.0","24,232.0","10,031.0","6,376.0","9,787.0","9,485.0","9,497.0",…
,Logistics,,,,,,,,,,,,,,,,,,,,,,,,,,
,     Container port traffic (teu '000),…,…,…,…,…,…,…,…,…,…,"7,179.4","7,528.0","7,845.5","8,068.0","8,664.6","8,883.5","9,340.6","9,938.9","10,371.6","10,130.3","9,568.5","10,436.7","10,497.1","10,314.0",…,…
,     Liner shipping connectivity index,…,…,…,…,…,…,198.3,200.2,189.4,183.1,200.2,201.1,194.8,203.1,195.8,207.8,215.6,210.1,217.5,221.7,225.8,239.0,252.1,264.8,263.6,…
,     Logistics performance index,…,…,…,…,…,…,…,3.3,…,…,…,…,3.2,…,…,…,3.3,…,3.4,…,…,…,…,3.5,…,…
,,,,,,,,,,,,,,,,,,,,,,,,,,,
,Communication,,,,,,,,,,,,,,,,,,,,,,,,,,
,"Access to Fixed Telephones, Mobile Phones, and Internet—Total Subscriptions ('000)",,,,,,,,,,,,,,,,,,,,,,,,,,
,     Fixed telephone subscribers,"5,591.1","6,049.1","6,557.0","6,632.4","6,811.6","7,034.7","7,071.6","7,024.0","7,394.3","7,204.9","6,835.1","6,661.0","6,377.0","6,056.0","5,690.0","5,309.0","4,706.0","9,955.0","6,059.0","5,415.0","5,003.0","4,634.0","4,368.0","4,097.0","3,903.0",…
,     Mobile phone subscribers,"3,056.0","7,550.0","17,449.9","21,616.9","26,965.5","30,460.2","40,125.5","52,974.0","61,837.2","65,952.3","71,726.3","77,449.0","85,012.0","93,849.0","97,096.0","102,942.0","119,669.0","121,530.0","125,098.0","129,614.0","116,294.0","120,850.0","126,414.0","120,921.0","115,127.0",…
,     Fixed broadband subscribers,…,1.6,…,11.6,164.8,555.5,893.5,"1,293.3","2,072.8","2,624.3","3,251.9","3,895.0","4,519.0","5,192.0","5,440.0","6,229.0","7,219.0","8,208.0","9,189.0","10,108.8","11,478.3","12,420.9","12,562.7","10,403.3","10,669.3",…
,"Access to Fixed Telephones, Mobile Phones, and Internet—Subscriptions per 100 People",,,,,,,,,,,,,,,,,,,,,,,,,,
,     Fixed telephone,8.9,9.5,10.2,10.2,10.4,10.7,10.6,10.5,10.9,10.6,10.0,9.7,9.2,8.7,8.1,7.5,6.6,14.0,8.5,7.6,7.0,6.5,6.1,5.7,5.4,…
,     Mobile cellular,4.9,11.9,27.2,33.3,41.2,46.1,60.3,78.9,91.4,96.8,104.6,112.2,122.4,134.4,138.3,145.9,168.9,170.8,175.3,181.2,162.3,168.5,176.2,168.6,160.6,…
,     Fixed broadband,…,0.0,…,0.0,0.3,0.8,1.3,1.9,3.1,3.9,4.7,5.6,6.5,7.4,7.7,8.8,10.2,11.5,12.9,14.1,16.0,17.3,17.5,14.5,14.9,…
,     Internet users,3.7,5.6,7.5,9.3,10.7,15.0,17.2,20.0,18.2,20.1,22.4,23.7,26.5,28.9,34.9,39.3,47.5,52.9,56.8,66.7,77.8,85.3,88.0,89.5,90.9,…
,,,,,,,,,,,,,,,,,,,,,,,,,,,
,INTERNATIONAL LIQUIDITY as of end of period ($ million),,,,,,,,,,,,,,,,,,,,,,,,,,
,Total,"32,661","33,041","38,915","42,148","49,831","52,065","66,985","87,455","111,008","138,418","172,129","175,124","181,609","167,289","157,108","156,514","171,853","202,562","205,641","224,322","258,128","245,985","216,596","224,473","237,054","281,874"
,"     Gold, national valuation",645,686,869,"1,071","1,167","1,374","1,693","2,234","2,347","2,935","4,599","7,735","8,282","5,961","5,854","5,248","5,696","6,442","6,345","7,505","9,385","14,248","14,323","16,192","19,792","32,546"
,     Foreign exchange,"31,933","32,350","38,042","40,965","48,498","50,502","65,147","85,110","108,317","133,599","165,656","165,200","171,106","159,022","149,064","149,291","164,148","194,048","197,031","214,573","246,034","224,804","195,582","201,557","210,789","242,458"
,     Reserve position in the IMF,0,0,0,111,165,188,143,111,213,361,377,695,725,806,777,624,698,681,900,877,"1,284","1,238","1,263","1,206","1,061","1,150"
,     SDRs,83,5,4,0,1,1,1,0,131,"1,523","1,497","1,494","1,497","1,500","1,412","1,351","1,311","1,392","1,366","1,367","1,426","5,695","5,428","5,518","5,411","5,720"
,,,,,,,,,,,,,,,,,,,,,,,,,,,
,EXCHANGE RATES,,,,,,,,,,,,,,,,,,,,,,,,,,
,End of period (B–$),43.3,44.2,43.2,39.6,39.1,41.0,36.0,33.7,34.9,33.3,30.2,31.7,30.6,32.8,33.0,36.1,35.8,32.7,32.4,30.2,30.0,33.4,34.6,34.2,34.0,31.6
,Average of period (B–$),40.1,44.4,43.0,41.5,40.2,40.2,37.9,34.5,33.3,34.3,31.7,30.5,31.1,30.7,32.5,34.2,35.3,33.9,32.3,31.0,31.3,32.0,35.1,34.8,35.3,32.9
,"Purchasing power parity conversion factoral (local currency units per $, period averages)",11.04,11.00,11.02,11.04,11.13,11.34,11.56,11.54,11.90,11.85,12.19,12.39,12.18,12.15,12.26,12.34,12.35,12.39,12.15,11.83,11.41,11.15,10.89,10.63,10.47,10.09
,"Price level indexes (PPPs to official exchange rates, period averages, United States = 100)",27.5,24.8,25.6,26.6,27.7,28.2,30.5,33.4,35.7,34.6,38.5,40.6,39.2,39.6,37.8,36.0,35.0,36.5,37.6,38.1,36.5,34.9,31.1,30.6,29.7,30.7
,,,,,,,,,,,,,,,,,,,,,,,,,,,
,EXTERNAL INDEBTEDNESS as of end of year ($ million),,,,,,,,,,,,,,,,,,,,,,,,,,
,Total debt outstanding and disbursed,"79,830","67,297","62,922","58,453","58,417","58,525","62,716","63,156","66,709","80,931","107,166","117,681","151,146","153,833","146,925","122,989","131,071","153,571","172,101","168,600","186,866","196,676","201,051","194,693","191,827",…
,     Long-term debt,"61,778","52,286","50,497","47,371","46,797","42,390","44,777","44,727","46,123","46,126","55,015","68,903","91,474","90,443","89,471","78,440","83,777","92,837","116,824","116,444","120,719","128,241","127,351","120,420","117,155",…
,          Public and publicly guaranteed,"29,462","26,218","22,534","17,712","14,911","12,660","10,910","9,318","9,949","10,775","16,737","22,697","29,444","27,984","26,096","22,571","23,492","30,831","37,451","40,884","35,824","36,815","35,679","32,419","31,028",…
,          Private nonguaranteed,"32,316","26,069","27,963","29,660","31,887","29,730","33,867","35,410","36,174","35,351","38,278","46,206","62,030","62,459","63,375","55,869","60,285","62,007","79,373","75,560","84,895","91,426","91,672","88,001","86,128",…
,     Short-term debt,"14,880","13,223","11,919","10,956","11,488","16,014","17,812","18,295","20,455","33,284","50,657","47,288","58,181","61,896","56,048","43,204","45,990","59,352","53,927","50,814","64,749","62,768","68,312","68,841","69,392",…
,     Use of IMF credit,"3,172.1","1,787.3",505.9,125.8,131.5,121.0,127.4,133.8,130.4,"1,521.1","1,494.2","1,489.6","1,491.2","1,494.2","1,405.7","1,344.5","1,304.4","1,381.8","1,349.4","1,341.7","1,397.4","5,666.6","5,388.2","5,432.1","5,280.1",…
,,,,,,,,,,,,,,,,,,,,,,,,,,,
,               External debt (% of GNI),64.4,57.6,48.6,40.0,35.3,32.4,29.4,24.9,23.8,29.8,32.8,32.5,39.8,39.1,38.0,32.3,33.3,35.2,35.7,32.2,38.2,40.3,41.9,38.7,37.5,…
,               Total long-term debt (% of total debt),77.4,77.7,80.3,81.0,80.1,72.4,71.4,70.8,69.1,57.0,51.3,58.6,60.5,58.8,60.9,63.8,63.9,60.5,67.9,69.1,64.6,65.2,63.3,61.9,61.1,…
,               Short-term debt (% of total debt),18.6,19.6,18.9,18.7,19.7,27.4,28.4,29.0,30.7,41.1,47.3,40.2,38.5,40.2,38.1,35.1,35.1,38.6,31.3,30.1,34.7,31.9,34.0,35.4,36.2,…
,               Debt service (% of exports of goods and services),16.3,25.4,23.2,15.5,11.0,13.7,9.4,11.8,8.1,6.8,4.7,3.9,5.5,5.1,9.5,7.1,5.3,5.1,6.0,9.6,8.3,5.2,7.9,12.0,4.7,…
,,,,,,,,,,,,,,,,,,,,,,,,,,,
,Debt service transactions during the year ($ million),,,,,,,,,,,,,,,,,,,,,,,,,,
,     Principal repayments on long-term debt,"8,961","15,720","15,811","12,559","11,213","16,464","12,794","20,333","15,704","11,313","9,386","8,815","13,329","13,422","25,524","18,019","12,332","13,504","16,891","29,047","19,995","14,700","22,587","35,258","11,176","12,833"
,     Interest on long-term debt,"3,777","2,617","2,099","1,729","1,284","1,074","1,095",901,"1,114","1,089","1,079","1,202","1,427",782,864,815,"1,536",830,"1,224","1,695","1,630",774,"1,067","2,507","2,427","3,855"
,     Interest on short-term debt,905,562,419,382,384,503,761,789,470,321,499,486,666,616,753,764,"1,061","1,647","2,098","1,475",814,822,"3,214","4,307","4,183",…
,,,,,,,,,,,,,,,,,,,,,,,,,,,
,Average terms of new commitments,,,,,,,,,,,,,,,,,,,,,,,,,,
,     Interest rate (% per annum),1.5,2.1,2.2,1.9,1.7,3.4,5.8,4.1,1.5,1.6,2.4,3.1,2.3,–,–,4.0,1.3,2.7,2.2,2.5,1.6,4.0,1.9,7.1,5.8,…
,     Maturity (years),29.0,6.9,24.9,6.6,3.0,14.6,16.3,29.8,15.5,21.6,22.0,25.8,22.2,–,–,19.9,17.8,23.8,20.3,21.1,6.8,31.4,10.3,42.2,16.6,…
,     Grace period (years),6.8,3.6,4.6,3.6,3.0,10.2,13.6,22.8,11.4,14.0,20.6,25.3,20.8,–,–,5.9,11.9,23.8,20.2,21.1,3.5,31.4,4.5,42.2,16.6,…
,     Grant element (%),36.6,12.5,23.6,13.0,9.0,9.0,-11.3,-2.2,30.3,36.5,27.5,19.9,31.2,–,–,8.7,30.6,25.4,32.9,28.4,14.9,14.9,21.2,-35.7,-12.0,…
,,,,,,,,,,,,,,,,,,,,,,,,,,,
,,,,,,,,,,,,,,,,,,,,,,,,,,,
"… = data not available; | = marks break in series; 0 or 0.0 = magnitude is less than half of unit employed; – = magnitude equals zero; * = provisional, preliminary, estimate; $ = United States dollars; B = baht; cif = cost, insurance, and freight; °C = degree Celsius; CO₂ = carbon dioxide; fob = free on board; GDP = gross domestic product; GNI = gross national income; HDI = human development index; HIV = human immunodeficiency virus; IMF = International Monetary Fund; km² = square kilometer; kWh = kilowatt-hour; L = liter; m³ = cubic meter; NPISHs = nonprofit institutions serving households; PPP = purchasing power parity; p-km = passenger-kilometer; scf = standard cubic foot; SDRs = special drawing rights; t = metric ton; teu = twenty-foot equivalent unit; t-km = ton-kilometer.",,,,,,,,,,,,,,,,,,,,,,,,,,,
,,,,,,,,,,,,,,,,,,,,,,,,,,,
,,,,,,,,,,,,,,,,,,,,,,,,,,,
a,"For 2010 onward, data include non-Thai citizens who are listed in the civil registration.",,,,,,,,,,,,,,,,,,,,,,,,,,
b,Derived from income or expenditure share of the highest 20% and lowest 20% groups by income.,,,,,,,,,,,,,,,,,,,,,,,,,,
c,HDI rank figures are not comparable across years.,,,,,,,,,,,,,,,,,,,,,,,,,,
d,Refers to the expected number of years of schooling from primary to tertiary level of education.,,,,,,,,,,,,,,,,,,,,,,,,,,
e,"Refers to the average number of completed years of education among the population aged 25 years and older (excluding years spent repeating individual grades), by highest level of education attained.",,,,,,,,,,,,,,,,,,,,,,,,,,
f,The UNESCO Institute for Statistics (UIS) defines a trained teacher as one who has received at least the minimum organized pedagogical teacher training pre-service and in-service required for teaching at the relevant level in a given economy in a given academic year.,,,,,,,,,,,,,,,,,,,,,,,,,,
g,The UIS defines a qualified teacher as one who has at least the minimum academic qualifications required for teaching their subjects at the relevant level in a given economy in a given academic year.,,,,,,,,,,,,,,,,,,,,,,,,,,
h,"Labor force refers to the population aged 15 years and older, and includes the seasonally inactive labor force in addition to those employed and unemployed. Data refer to the average of the four labor force survey rounds. Prior to 2011, the survey used the classification suitable to Thailand's industries based on the International Standard Industrial Classification. From 2011 onward, the labor force survey used the third revision of the Thailand Standard Industrial Classification (2009 TSIC). The Population Projection for Thailand 2010 – 2040 (Revision), revised by office of National Economic and Social Development Council (NESDC), was used as the base population in the estimation procedure since the Labor Force Survey 2021.",,,,,,,,,,,,,,,,,,,,,,,,,,
i,"For 2000–2007, data on transportation and storage and information and communication are consolidated under transportation and communication.",,,,,,,,,,,,,,,,,,,,,,,,,,
j,Refers to hotels and restaurants.,,,,,,,,,,,,,,,,,,,,,,,,,,
k,"Includes all industries other than those named, and is derived as residual.",,,,,,,,,,,,,,,,,,,,,,,,,,
l,"Includes mining and quarrying; manufacturing; electricity, gas, steam, and air-conditioning supply; water supply; and sewerage, waste management, and remediation activities.",,,,,,,,,,,,,,,,,,,,,,,,,,
m,Includes construction.,,,,,,,,,,,,,,,,,,,,,,,,,,
n,"Chain volume series are not additive. Thus, the sum of the components will not add up to the total.",,,,,,,,,,,,,,,,,,,,,,,,,,
o,Refers to activities of households as employers.,,,,,,,,,,,,,,,,,,,,,,,,,,
p,Includes NPISHs final consumption.,,,,,,,,,,,,,,,,,,,,,,,,,,
q,"From July 2010, premium gasoline was no longer available in Thailand. For 2010 onward, data pertain to Gasohol 95.",,,,,,,,,,,,,,,,,,,,,,,,,,
r,"Rate refers to percentage change over previous year. A negative value indicates that the deforestation rate is decreasing (i.e., reforestation).",,,,,,,,,,,,,,,,,,,,,,,,,,
s,Gross domestic product in 2015 United States dollars per cubic meter of total freshwater withdrawal.,,,,,,,,,,,,,,,,,,,,,,,,,,
t,"Disasters may include drought, extreme temperature, flood, landslide, storm, or wildfire.",,,,,,,,,,,,,,,,,,,,,,,,,,
u,"Includes furnishings, household equipment, and routine household maintenance.",,,,,,,,,,,,,,,,,,,,,,,,,,
v,"There is no separate category for ""Miscellaneous goods and services."" However, some items typically considered part of this category are included under other headings, such as ""Housing, water, electricity, gas, and other fuels"" and ""Recreation and culture"".",,,,,,,,,,,,,,,,,,,,,,,,,,
w,"Deposit interest rates refer to the reference rates offered by commercial banks for deposit products, including savings and fixed deposits. These rates differ from effective interest rates, which are based on actual interest paid and related conditions. Accordingly, the reported rates may not be directly comparable with effective interest rates reported by other economies.",,,,,,,,,,,,,,,,,,,,,,,,,,
x,"For 2001, actual range of rates is 2.25%–2.50%.",,,,,,,,,,,,,,,,,,,,,,,,,,
y,"For 2001, actual range of rates is 2.75%–3.00%.",,,,,,,,,,,,,,,,,,,,,,,,,,
z,Refers to average yield on 9-month to 12-month Treasury bills since March 2001.,,,,,,,,,,,,,,,,,,,,,,,,,,
aa,"Domestic credit provided by the financial sector includes all credit to various sectors on a gross basis, with the exception of credit to the central government, which is net. The financial sector includes monetary authorities and deposit money banks, as well as other financial corporations where data are available (including corporations that do not accept transferable deposits, but do incur such liabilities as time and savings deposits). Examples of other financial corporations are finance and leasing companies, money lenders, insurance corporations, pension funds, and foreign exchange companies.",,,,,,,,,,,,,,,,,,,,,,,,,,
ab,"Bank nonperforming loans to total gross loans are the value of nonperforming loans divided by the total value of the loan portfolio (including nonperforming loans before the deduction of specific loan-loss provisions). The loan amount recorded as nonperforming should be the gross value of the loan as recorded on the balance sheet, not just the amount that is overdue.",,,,,,,,,,,,,,,,,,,,,,,,,,
ac,Refers to growth rates of period-average stock market prices.,,,,,,,,,,,,,,,,,,,,,,,,,,
ad,"For 2000–2011, scores refer to perceptions of the degree of corruption as seen by business people and analysts. Scores range from 0 (highly corrupt) to 10 (very clean) and are not comparable over time. From 2012 onward, an updated methodology was used to calculate scores, and these are presented on a scale from 0 (highly corrupt) to 100 (very clean). Due to the differences in methodology, scores prior to 2012 should not be compared with scores for 2012 onward.",,,,,,,,,,,,,,,,,,,,,,,,,,
ae,"Based on Transparency International’s methodology, an economy’s rank indicates its position relative to the Corruption Perceptions Index of other economies of the world; 2025 ranking compare 182 economies.",,,,,,,,,,,,,,,,,,,,,,,,,,
af,"For 2000–2004, includes financial derivatives.",,,,,,,,,,,,,,,,,,,,,,,,,,
ag,"For any given year, a negative value for net inflows of foreign direct investment shows that the value of disinvestment by foreign investors was more than the value of capital newly invested in the economy.",,,,,,,,,,,,,,,,,,,,,,,,,,
ah,"Net other official flows refer to official sector transactions with economies on the Development Assistance Committee List of Official Development Assistance Recipients, which do not meet the conditions for eligibility as official development assistance, either because they are not primarily aimed at development or because they have a grant element of less than 25%. The Development Assistance Committee List of Official Development Assistance Recipients is available at http://www.oecd.org/dac/financing-sustainable-development/development-finance-standards/daclist.htm. Net other official flows also include net export credits. Net flow takes into account principal repayments for loans, offsetting entries for forgiven debt, and recoveries made on grants.",,,,,,,,,,,,,,,,,,,,,,,,,,
ai,Private flows are flows undertaken by firms and individuals residing in the reporting economy.,,,,,,,,,,,,,,,,,,,,,,,,,,
aj,"These flows include official development assistance, other official flows, and changes in the bilateral long-term assets of the private non-monetary and monetary sectors (such as guaranteed export credits, private direct investment, portfolio investment and, to the extent they are not covered in the preceding headings, loans by private banks).",,,,,,,,,,,,,,,,,,,,,,,,,,
ak,"Data refer to international tourist arrivals at frontiers (overnight visitors only, i.e., excluding same-day visitors).",,,,,,,,,,,,,,,,,,,,,,,,,,
al,"For 2011, 2017, and 2021, purchasing power parity (PPP) figures are based on results from the 2011, 2017 and 2021 benchmark cycles of the International Comparison Program (ICP). For 2010 (and years prior featured in the Key Indicators Database), PPPs are extrapolated from the reference year 2011. For 2012–2016, figures are interpolated from the PPPs of the two ICP reference years, 2011 and 2017. For 2018–2020, figures are interpolated from the PPPs of the two ICP reference years, 2017 and 2021. For 2022–2025, figures are extrapolated from the 2021 ICP PPPs or imputed based on a regression model.",,,,,,,,,,,,,,,,,,,,,,,,,,
,,,,,,,,,,,,,,,,,,,,,,,,,,,
,,,,,,,,,,,,,,,,,,,,,,,,,,,
,Sources:,,,,,,,,,,,,,,,,,,,,,,,,,,
,,,,,,,,,,,,,,,,,,,,,,,,,,,
,"Population, Poverty, and Social Indicators",,,,,,,,,,,,,,,,,,,,,,,,,,
,,,,,,,,,,,,,,,,,,,,,,,,,,,
,     Population,,,,,,,,,,,,,,,,,,,,,,,,,,
,,,,,,,,,,,,,,,,,,,,,,,,,,,
,          Total population,"Government of Thailand, National Economic and Social Development Council. Official communication, 9 March 2026; past communication.",,,,,,,,,,,,,,,,,,,,,,,,,
,          Population density,,,,,,,,,,,,,,,,,,,,,,,,,,
,          Population (% annual change),,,,,,,,,,,,,,,,,,,,,,,,,,
,          Urban population,,,,,,,,,,,,,,,,,,,,,,,,,,
,,,,,,,,,,,,,,,,,,,,,,,,,,,
,          Net international migration rate,United Nations. World Population Prospects 2024. https://population.un.org/DataPortal/ (accessed 24 June 2026).,,,,,,,,,,,,,,,,,,,,,,,,,
,          Population aged 0–14 years,,,,,,,,,,,,,,,,,,,,,,,,,,
,          Population aged 15–64 years,,,,,,,,,,,,,,,,,,,,,,,,,,
,          Population aged 65 years and older,,,,,,,,,,,,,,,,,,,,,,,,,,
,          Age dependency ratio for total population,,,,,,,,,,,,,,,,,,,,,,,,,,
,,,,,,,,,,,,,,,,,,,,,,,,,,,
,     Poverty Indicators,World Bank. Poverty and Inequality Platform. https://pip.worldbank.org/ (accessed 30 June 2026).,,,,,,,,,,,,,,,,,,,,,,,,,
,,,,,,,,,,,,,,,,,,,,,,,,,,,
,          Income ratio of highest 20% to lowest 20%,World Bank. World Development Indicators. https://databank.worldbank.org/source/world-development-indicators (accessed 30 June 2026).,,,,,,,,,,,,,,,,,,,,,,,,,
,,,,,,,,,,,,,,,,,,,,,,,,,,,
,          Human Development Index,United Nations Development Programme. Human Development Data (1990–2023). http://hdr.undp.org/en/data# (accessed 30 June 2026); past accessed reports and tables.,,,,,,,,,,,,,,,,,,,,,,,,,
,,,,,,,,,,,,,,,,,,,,,,,,,,,
,     Social Indicators,"United Nations Educational, Scientific and Cultural Organization (UNESCO) Institute for Statistics. UIS.Stat Database. https://databrowser.uis.unesco.org (accessed 25–29 June 2026).",,,,,,,,,,,,,,,,,,,,,,,,,
,,,,,,,,,,,,,,,,,,,,,,,,,,,
,          Life Expectancy at Birth,United Nations. World Population Prospects 2024. https://population.un.org/DataPortal/ (accessed 24 June 2026).,,,,,,,,,,,,,,,,,,,,,,,,,
,"          Births, Deaths, and Fertility Rates",,,,,,,,,,,,,,,,,,,,,,,,,,
,,,,,,,,,,,,,,,,,,,,,,,,,,,
,          Health Care Resources,World Bank. World Development Indicators. https://databank.worldbank.org/source/world-development-indicators (accessed 30 June 2026).,,,,,,,,,,,,,,,,,,,,,,,,,
,,,,,,,,,,,,,,,,,,,,,,,,,,,
,          Adults Aged 15 Years and Older Living with HIV,Joint United Nations Programme on HIV/AIDS (UNAIDS). AIDSInfo. https://aidsinfo.unaids.org/ (accessed 4 June 2026).,,,,,,,,,,,,,,,,,,,,,,,,,
,,,,,,,,,,,,,,,,,,,,,,,,,,,
,Labor Force,"Government of Thailand, National Statistics Office. Official communication, 13 March 2026; past communication.",,,,,,,,,,,,,,,,,,,,,,,,,
,,,,,,,,,,,,,,,,,,,,,,,,,,,
,National Accounts,"Government of Thailand, National Economic and Social Development Council. Official communication, 9 March 2026; past communication.",,,,,,,,,,,,,,,,,,,,,,,,,
,,,,,,,,,,,,,,,,,,,,,,,,,,,
,     Gross Domestic Product at Purchasing Power Parity,Asian Development Bank (ADB) estimates.,,,,,,,,,,,,,,,,,,,,,,,,,
,     Gross Domestic Product per capita at Purchasing Power Parity,,,,,,,,,,,,,,,,,,,,,,,,,,
,,,,,,,,,,,,,,,,,,,,,,,,,,,
,"     Gross National Income per capita, Atlas method",World Bank. World Development Indicators. https://databank.worldbank.org/source/world-development-indicators (accessed 2 July 2026).,,,,,,,,,,,,,,,,,,,,,,,,,
,,,,,,,,,,,,,,,,,,,,,,,,,,,
,     Growth rates of real Gross Domestic Product per capita,ADB estimates using economy’s official sources.,,,,,,,,,,,,,,,,,,,,,,,,,
,,,,,,,,,,,,,,,,,,,,,,,,,,,
,Production Index,"Bank of Thailand (BOT). Official communication, 13 March 2026; past communication.",,,,,,,,,,,,,,,,,,,,,,,,,
,,,,,,,,,,,,,,,,,,,,,,,,,,,
,Energy,"Government of Thailand, Ministry of Energy. Official communication, 13 March 2026; past communication.",,,,,,,,,,,,,,,,,,,,,,,,,
,,,,,,,,,,,,,,,,,,,,,,,,,,,
,Environment,,,,,,,,,,,,,,,,,,,,,,,,,,
,,,,,,,,,,,,,,,,,,,,,,,,,,,
,     Agriculture Land Use,Food and Agriculture Organization of the United Nations. FAOSTAT Database. http://www.fao.org/faostat/en/#data/RL (accessed 1 July 2026).,,,,,,,,,,,,,,,,,,,,,,,,,
,,,,,,,,,,,,,,,,,,,,,,,,,,,
,     Deforestation and Pollution,World Bank. World Development Indicators. https://databank.worldbank.org/source/world-development-indicators (accessed 30 June 2026).,,,,,,,,,,,,,,,,,,,,,,,,,
,,,,,,,,,,,,,,,,,,,,,,,,,,,
,          Deforestation rate,Food and Agriculture Organization of the United Nations. FAOSTAT Database. http://www.fao.org/faostat/en/#data/RL (accessed 24 June 2026).,,,,,,,,,,,,,,,,,,,,,,,,,
,,,,,,,,,,,,,,,,,,,,,,,,,,,
,     Freshwater Resources,Food and Agriculture Organization of the United Nations. AQUASTAT Database. https://data.apps.fao.org/aquastat/?lang=en (accessed 15 June 2026).,,,,,,,,,,,,,,,,,,,,,,,,,
,,,,,,,,,,,,,,,,,,,,,,,,,,,
,          Water productivity,World Bank. World Development Indicators. https://databank.worldbank.org/source/world-development-indicators (accessed 30 June 2026).,,,,,,,,,,,,,,,,,,,,,,,,,
,,,,,,,,,,,,,,,,,,,,,,,,,,,
,     Temperature and Climate-Related Disasters,,,,,,,,,,,,,,,,,,,,,,,,,,
,,,,,,,,,,,,,,,,,,,,,,,,,,,
,"          Temperature change with respect to a baseline climatology,
               corresponding to the period 1951–1980","International Monetary Fund (IMF). 2022. Climate Change Indicators Dashboard. Annual Surface Temperature Change, https://climatedata.imf.org/pages/access-data (accessed 30 June 2026).",,,,,,,,,,,,,,,,,,,,,,,,,
,,,,,,,,,,,,,,,,,,,,,,,,,,,
,          Climate related disasters frequency: Total number of disasters,"IMF. 2022. Climate Change Indicators Dashboard. Climate-related Disasters Frequency, https://climatedata.imf.org/pages/access-data (accessed 30 June 2026).",,,,,,,,,,,,,,,,,,,,,,,,,
,,,,,,,,,,,,,,,,,,,,,,,,,,,
,Price Indexes,"Government of Thailand, Ministry of Commerce. Official communication, 20 March 2026; past communication.",,,,,,,,,,,,,,,,,,,,,,,,,
,,,,,,,,,,,,,,,,,,,,,,,,,,,
,          Retail,BOT. Retail Sales Index. https://app.bot.or.th/BTWS_STAT/statistics/BOTWEBSTAT.aspx?reportID=991&language=ENG (accessed 15 June 2026).,,,,,,,,,,,,,,,,,,,,,,,,,
,,,,,,,,,,,,,,,,,,,,,,,,,,,
,          Wholesale,BOT. Wholesales Index. https://app.bot.or.th/BTWS_STAT/statistics/BOTWEBSTAT.aspx?reportID=992&language=ENG (accessed 15 June 2026).,,,,,,,,,,,,,,,,,,,,,,,,,
,,,,,,,,,,,,,,,,,,,,,,,,,,,
,          Implicit GDP deflator,"Government of Thailand, National Economic and Social Development Council. Official communication, 17 June 2026.",,,,,,,,,,,,,,,,,,,,,,,,,
,,,,,,,,,,,,,,,,,,,,,,,,,,,
,Money and Finance,"BOT. Official communication, 13 March 2026; past communication.",,,,,,,,,,,,,,,,,,,,,,,,,
,,,,,,,,,,,,,,,,,,,,,,,,,,,
,     Finance,"IMF. Monetary and Financial Statistics, Interest Rate. https://data.imf.org/en/Data-Explorer (accessed 30 June 2026).",,,,,,,,,,,,,,,,,,,,,,,,,
,,,,,,,,,,,,,,,,,,,,,,,,,,,
,          Growth rates of stock  market price index,ADB estimates using data from the IMF's Monetary and Financial Statistics: Financial Market Prices. https://data.imf.org/ (accessed 6 July 2026).,,,,,,,,,,,,,,,,,,,,,,,,,
,,,,,,,,,,,,,,,,,,,,,,,,,,,
,               Domestic credit provided by financial sector,World Bank. World Development Indicators. https://databank.worldbank.org/source/world-development-indicators (accessed 30 June 2026).,,,,,,,,,,,,,,,,,,,,,,,,,
,               Stock market capitalization,,,,,,,,,,,,,,,,,,,,,,,,,,
,,,,,,,,,,,,,,,,,,,,,,,,,,,
,               Bank nonperforming loans,IMF. Financial Soundness Indicators. http://data.imf.org/ (accessed 30 June 2026).,,,,,,,,,,,,,,,,,,,,,,,,,
,,,,,,,,,,,,,,,,,,,,,,,,,,,
,Government and Governance,"Government of Thailand, Ministry of Finance. Official communication, 11 March 2026; past communication.",,,,,,,,,,,,,,,,,,,,,,,,,
,,,,,,,,,,,,,,,,,,,,,,,,,,,
,     Governance,Transparency International. Corruption Perceptions Index. https://www.transparency.org/en/cpi/2025 (accessed 18 June 2026).,,,,,,,,,,,,,,,,,,,,,,,,,
,,,,,,,,,,,,,,,,,,,,,,,,,,,
,Globalization,,,,,,,,,,,,,,,,,,,,,,,,,,
,,,,,,,,,,,,,,,,,,,,,,,,,,,
,     External Trade,"BOT. Official communication, 13 March 2026; past communication.",,,,,,,,,,,,,,,,,,,,,,,,,
,,,,,,,,,,,,,,,,,,,,,,,,,,,
,     Merchandise exports,ADB estimates using data from economy sources.,,,,,,,,,,,,,,,,,,,,,,,,,
,     Merchandise imports,,,,,,,,,,,,,,,,,,,,,,,,,,
,,,,,,,,,,,,,,,,,,,,,,,,,,,
,     International Trade in Goods (by partner country/economy),IMF. International Trade in Goods (by partner country/economy). https://data.imf.org/ (accessed 30 June 2026).,,,,,,,,,,,,,,,,,,,,,,,,,
,,,,,,,,,,,,,,,,,,,,,,,,,,,
,     Balance of Payments,"BOT. Official communication, 31 March 2026; past communication.",,,,,,,,,,,,,,,,,,,,,,,,,
,,,,,,,,,,,,,,,,,,,,,,,,,,,
,     Foreign Direct Investment,,,,,,,,,,,,,,,,,,,,,,,,,,
,,,,,,,,,,,,,,,,,,,,,,,,,,,
,"          Foreign direct investment, net inflows—dollar amounts",IMF. Balance of Payments and International Investment Position Statistics. https://data.imf.org/ (accessed 30 June 2026).,,,,,,,,,,,,,,,,,,,,,,,,,
,,,,,,,,,,,,,,,,,,,,,,,,,,,
,"          Foreign direct investment, net inflows—proportion of economic activity",ADB estimates using data from economy's official source and the IMF's Balance of Payments and International Investment Position Statistics. https://data.imf.org/ (accessed 30 June 2026).,,,,,,,,,,,,,,,,,,,,,,,,,
,,,,,,,,,,,,,,,,,,,,,,,,,,,
,     Total Remittances,World Bank. World Development Indicators. https://databank.worldbank.org/source/world-development-indicators (accessed 17 July 2026).,,,,,,,,,,,,,,,,,,,,,,,,,
,,,,,,,,,,,,,,,,,,,,,,,,,,,
,     Capital Flows,Organisation for Economic Co-operation and Development. OECD.Stat http://data.oecd.org (accessed 17 July 2026).,,,,,,,,,,,,,,,,,,,,,,,,,
,,,,,,,,,,,,,,,,,,,,,,,,,,,
,     Tourism,"United Nations World Tourism Organization. UNWTO.eLibrary. https://www.e-unwto.org (accessed 23 June 2026) and World Tourism Barometer and Statistical Annex, May 2026. https://www.e-unwto.org/toc/wtobarometereng/24/2.",,,,,,,,,,,,,,,,,,,,,,,,,
,,,,,,,,,,,,,,,,,,,,,,,,,,,
,Transport and Communication,,,,,,,,,,,,,,,,,,,,,,,,,,
,,,,,,,,,,,,,,,,,,,,,,,,,,,
,     Transport,Asian Development Bank and Asian Infrastructure and Investment Bank. Asian Transport Outlook. https://asiantransportobservatory.org (accessed 1 July 2026).,,,,,,,,,,,,,,,,,,,,,,,,,
,,,,,,,,,,,,,,,,,,,,,,,,,,,
,          Road Indicators—Safety,For 2016: World Health Organization. 2018. Global Status Report on Road Safety 2018. Geneva.,,,,,,,,,,,,,,,,,,,,,,,,,
,,For 2021: World Health Organization. 2023. Global Status Report on Road Safety 2023. Geneva.,,,,,,,,,,,,,,,,,,,,,,,,,
,,,,,,,,,,,,,,,,,,,,,,,,,,,
,     Communication,International Telecommunication Union. World Telecommunication/ICT Indicators Database. https://datahub.itu.int/indicators/ (accessed 1 July 2026).,,,,,,,,,,,,,,,,,,,,,,,,,
,,,,,,,,,,,,,,,,,,,,,,,,,,,
,International Liquidity,IMF. International Liquidity. https://data.imf.org (accessed 30 June 2026).,,,,,,,,,,,,,,,,,,,,,,,,,
,,,,,,,,,,,,,,,,,,,,,,,,,,,
,Exchange Rates,,,,,,,,,,,,,,,,,,,,,,,,,,
,,,,,,,,,,,,,,,,,,,,,,,,,,,
,     End of period,IMF. Exchange Rates. https://data.imf.org/ (accessed 30 June 2026).,,,,,,,,,,,,,,,,,,,,,,,,,
,     Average of period,,,,,,,,,,,,,,,,,,,,,,,,,,
,,,,,,,,,,,,,,,,,,,,,,,,,,,
,     Purchasing power parity conversion factor,World Bank. World Development Indicators. https://databank.worldbank.org/source/world-development-indicators (accessed 2 July 2026).,,,,,,,,,,,,,,,,,,,,,,,,,
,     Price level indexes,,,,,,,,,,,,,,,,,,,,,,,,,,
,,,,,,,,,,,,,,,,,,,,,,,,,,,
,External Indebtedness,World Bank. International Debt Statistics. https://databank.worldbank.org/source/international-debt-statistics# (accessed 30 June 2026).,,,,,,,,,,,,,,,,,,,,,,,,,
,,,,,,,,,,,,,,,,,,,,,,,,,,,
,     Total long-term debt,ADB estimates using data from the World Bank's International Debt Statistics. https://databank.worldbank.org/source/international-debt-statistics# (accessed 30 June 2026).,,,,,,,,,,,,,,,,,,,,,,,,,
